/*
SQLyog Ultimate v12.5.0 (64 bit)
MySQL - 5.7.27 : Database - gzzm
*********************************************************************
*/

/*!40101 SET NAMES utf8 */;

/*!40101 SET SQL_MODE=''*/;

/*!40014 SET @OLD_UNIQUE_CHECKS=@@UNIQUE_CHECKS, UNIQUE_CHECKS=0 */;
/*!40014 SET @OLD_FOREIGN_KEY_CHECKS=@@FOREIGN_KEY_CHECKS, FOREIGN_KEY_CHECKS=0 */;
/*!40101 SET @OLD_SQL_MODE=@@SQL_MODE, SQL_MODE='NO_AUTO_VALUE_ON_ZERO' */;
/*!40111 SET @OLD_SQL_NOTES=@@SQL_NOTES, SQL_NOTES=0 */;
CREATE DATABASE /*!32312 IF NOT EXISTS*/`gzzm` /*!40100 DEFAULT CHARACTER SET utf8 */;

USE `gzzm`;

/*Table structure for table `auth_group` */

DROP TABLE IF EXISTS `auth_group`;

CREATE TABLE `auth_group` (
  `id` int(11) NOT NULL AUTO_INCREMENT,
  `name` varchar(80) NOT NULL,
  PRIMARY KEY (`id`),
  UNIQUE KEY `name` (`name`)
) ENGINE=InnoDB DEFAULT CHARSET=utf8;

/*Data for the table `auth_group` */

/*Table structure for table `auth_group_permissions` */

DROP TABLE IF EXISTS `auth_group_permissions`;

CREATE TABLE `auth_group_permissions` (
  `id` int(11) NOT NULL AUTO_INCREMENT,
  `group_id` int(11) NOT NULL,
  `permission_id` int(11) NOT NULL,
  PRIMARY KEY (`id`),
  UNIQUE KEY `auth_group_permissions_group_id_permission_id_0cd325b0_uniq` (`group_id`,`permission_id`),
  KEY `auth_group_permissio_permission_id_84c5c92e_fk_auth_perm` (`permission_id`),
  CONSTRAINT `auth_group_permissio_permission_id_84c5c92e_fk_auth_perm` FOREIGN KEY (`permission_id`) REFERENCES `auth_permission` (`id`),
  CONSTRAINT `auth_group_permissions_group_id_b120cbf9_fk_auth_group_id` FOREIGN KEY (`group_id`) REFERENCES `auth_group` (`id`)
) ENGINE=InnoDB DEFAULT CHARSET=utf8;

/*Data for the table `auth_group_permissions` */

/*Table structure for table `auth_permission` */

DROP TABLE IF EXISTS `auth_permission`;

CREATE TABLE `auth_permission` (
  `id` int(11) NOT NULL AUTO_INCREMENT,
  `name` varchar(255) NOT NULL,
  `content_type_id` int(11) NOT NULL,
  `codename` varchar(100) NOT NULL,
  PRIMARY KEY (`id`),
  UNIQUE KEY `auth_permission_content_type_id_codename_01ab375a_uniq` (`content_type_id`,`codename`),
  CONSTRAINT `auth_permission_content_type_id_2f476e4b_fk_django_co` FOREIGN KEY (`content_type_id`) REFERENCES `django_content_type` (`id`)
) ENGINE=InnoDB AUTO_INCREMENT=73 DEFAULT CHARSET=utf8;

/*Data for the table `auth_permission` */

insert  into `auth_permission`(`id`,`name`,`content_type_id`,`codename`) values 
(1,'Can add log entry',1,'add_logentry'),
(2,'Can change log entry',1,'change_logentry'),
(3,'Can delete log entry',1,'delete_logentry'),
(4,'Can view log entry',1,'view_logentry'),
(5,'Can add permission',2,'add_permission'),
(6,'Can change permission',2,'change_permission'),
(7,'Can delete permission',2,'delete_permission'),
(8,'Can view permission',2,'view_permission'),
(9,'Can add group',3,'add_group'),
(10,'Can change group',3,'change_group'),
(11,'Can delete group',3,'delete_group'),
(12,'Can view group',3,'view_group'),
(13,'Can add user',4,'add_user'),
(14,'Can change user',4,'change_user'),
(15,'Can delete user',4,'delete_user'),
(16,'Can view user',4,'view_user'),
(17,'Can add content type',5,'add_contenttype'),
(18,'Can change content type',5,'change_contenttype'),
(19,'Can delete content type',5,'delete_contenttype'),
(20,'Can view content type',5,'view_contenttype'),
(21,'Can add session',6,'add_session'),
(22,'Can change session',6,'change_session'),
(23,'Can delete session',6,'delete_session'),
(24,'Can view session',6,'view_session'),
(25,'Can add 城市',7,'add_city'),
(26,'Can change 城市',7,'change_city'),
(27,'Can delete 城市',7,'delete_city'),
(28,'Can view 城市',7,'view_city'),
(29,'Can add 打印机型号',8,'add_printer'),
(30,'Can change 打印机型号',8,'change_printer'),
(31,'Can delete 打印机型号',8,'delete_printer'),
(32,'Can view 打印机型号',8,'view_printer'),
(33,'Can add 省份',9,'add_province'),
(34,'Can change 省份',9,'change_province'),
(35,'Can delete 省份',9,'delete_province'),
(36,'Can view 省份',9,'view_province'),
(37,'Can add 学校',10,'add_school'),
(38,'Can change 学校',10,'change_school'),
(39,'Can delete 学校',10,'delete_school'),
(40,'Can view 学校',10,'view_school'),
(41,'Can add 终端',11,'add_terminial'),
(42,'Can change 终端',11,'change_terminial'),
(43,'Can delete 终端',11,'delete_terminial'),
(44,'Can view 终端',11,'view_terminial'),
(45,'Can add 终端机型号',12,'add_terminialtype'),
(46,'Can change 终端机型号',12,'change_terminialtype'),
(47,'Can delete 终端机型号',12,'delete_terminialtype'),
(48,'Can view 终端机型号',12,'view_terminialtype'),
(49,'Can add 用户',13,'add_user'),
(50,'Can change 用户',13,'change_user'),
(51,'Can delete 用户',13,'delete_user'),
(52,'Can view 用户',13,'view_user'),
(53,'Can add 一卡通型号',14,'add_wiscard'),
(54,'Can change 一卡通型号',14,'change_wiscard'),
(55,'Can delete 一卡通型号',14,'delete_wiscard'),
(56,'Can view 一卡通型号',14,'view_wiscard'),
(57,'Can add 工单',15,'add_order'),
(58,'Can change 工单',15,'change_order'),
(59,'Can delete 工单',15,'delete_order'),
(60,'Can view 工单',15,'view_order'),
(61,'Can add 状态',18,'add_status'),
(62,'Can change 状态',18,'change_status'),
(63,'Can delete 状态',18,'delete_status'),
(64,'Can view 状态',18,'view_status'),
(65,'Can add 工单分类',16,'add_classification'),
(66,'Can change 工单分类',16,'change_classification'),
(67,'Can delete 工单分类',16,'delete_classification'),
(68,'Can view 工单分类',16,'view_classification'),
(69,'Can add 问题分类',17,'add_ordertype'),
(70,'Can change 问题分类',17,'change_ordertype'),
(71,'Can delete 问题分类',17,'delete_ordertype'),
(72,'Can view 问题分类',17,'view_ordertype');

/*Table structure for table `auth_user` */

DROP TABLE IF EXISTS `auth_user`;

CREATE TABLE `auth_user` (
  `id` int(11) NOT NULL AUTO_INCREMENT,
  `password` varchar(128) NOT NULL,
  `last_login` datetime(6) DEFAULT NULL,
  `is_superuser` tinyint(1) NOT NULL,
  `username` varchar(150) NOT NULL,
  `first_name` varchar(30) NOT NULL,
  `last_name` varchar(150) NOT NULL,
  `email` varchar(254) NOT NULL,
  `is_staff` tinyint(1) NOT NULL,
  `is_active` tinyint(1) NOT NULL,
  `date_joined` datetime(6) NOT NULL,
  PRIMARY KEY (`id`),
  UNIQUE KEY `username` (`username`)
) ENGINE=InnoDB AUTO_INCREMENT=5 DEFAULT CHARSET=utf8;

/*Data for the table `auth_user` */

insert  into `auth_user`(`id`,`password`,`last_login`,`is_superuser`,`username`,`first_name`,`last_name`,`email`,`is_staff`,`is_active`,`date_joined`) values 
(2,'pbkdf2_sha256$120000$Mn6q6SqOjFo5$kJ8eHnx5607dx1WbUC+NLnHjSBcBeo/oSXc3OPbAPPQ=','2019-01-21 01:11:52.156566',1,'gzzm','','','',1,1,'2019-01-12 01:23:31.135599'),
(3,'pbkdf2_sha256$120000$lrg19WdflWoY$3EJuR0k2y72qsQPCnkGVXmslD6thKC0r8iXVUuPYuLM=',NULL,1,'cjr','','','kenchoicjr@126.com',1,1,'2020-03-15 03:05:52.956463'),
(4,'pbkdf2_sha256$120000$YMJSwKfCk956$4jVHt9frzU4nRWbbSqiSQ/z2JES7H0b/9G9bCQQ5kKE=','2020-03-15 05:13:36.352784',1,'蔡健荣','','','kenchoicjr@126.com',1,1,'2020-03-15 03:06:32.603731');

/*Table structure for table `auth_user_groups` */

DROP TABLE IF EXISTS `auth_user_groups`;

CREATE TABLE `auth_user_groups` (
  `id` int(11) NOT NULL AUTO_INCREMENT,
  `user_id` int(11) NOT NULL,
  `group_id` int(11) NOT NULL,
  PRIMARY KEY (`id`),
  UNIQUE KEY `auth_user_groups_user_id_group_id_94350c0c_uniq` (`user_id`,`group_id`),
  KEY `auth_user_groups_group_id_97559544_fk_auth_group_id` (`group_id`),
  CONSTRAINT `auth_user_groups_group_id_97559544_fk_auth_group_id` FOREIGN KEY (`group_id`) REFERENCES `auth_group` (`id`),
  CONSTRAINT `auth_user_groups_user_id_6a12ed8b_fk_auth_user_id` FOREIGN KEY (`user_id`) REFERENCES `auth_user` (`id`)
) ENGINE=InnoDB DEFAULT CHARSET=utf8;

/*Data for the table `auth_user_groups` */

/*Table structure for table `auth_user_user_permissions` */

DROP TABLE IF EXISTS `auth_user_user_permissions`;

CREATE TABLE `auth_user_user_permissions` (
  `id` int(11) NOT NULL AUTO_INCREMENT,
  `user_id` int(11) NOT NULL,
  `permission_id` int(11) NOT NULL,
  PRIMARY KEY (`id`),
  UNIQUE KEY `auth_user_user_permissions_user_id_permission_id_14a6b632_uniq` (`user_id`,`permission_id`),
  KEY `auth_user_user_permi_permission_id_1fbb5f2c_fk_auth_perm` (`permission_id`),
  CONSTRAINT `auth_user_user_permi_permission_id_1fbb5f2c_fk_auth_perm` FOREIGN KEY (`permission_id`) REFERENCES `auth_permission` (`id`),
  CONSTRAINT `auth_user_user_permissions_user_id_a95ead1b_fk_auth_user_id` FOREIGN KEY (`user_id`) REFERENCES `auth_user` (`id`)
) ENGINE=InnoDB DEFAULT CHARSET=utf8;

/*Data for the table `auth_user_user_permissions` */

/*Table structure for table `customerservice_city` */

DROP TABLE IF EXISTS `customerservice_city`;

CREATE TABLE `customerservice_city` (
  `id` int(11) NOT NULL AUTO_INCREMENT,
  `city_name` varchar(50) NOT NULL,
  `province_id` int(11) NOT NULL,
  PRIMARY KEY (`id`),
  KEY `customerservice_city_province_id_08ca89c1_fk_customers` (`province_id`),
  CONSTRAINT `customerservice_city_province_id_08ca89c1_fk_customers` FOREIGN KEY (`province_id`) REFERENCES `customerservice_province` (`id`)
) ENGINE=InnoDB AUTO_INCREMENT=458 DEFAULT CHARSET=utf8;

/*Data for the table `customerservice_city` */

insert  into `customerservice_city`(`id`,`city_name`,`province_id`) values 
(1,'朝阳区',2),
(2,'海淀区',2),
(3,'通州区',2),
(4,'房山区',2),
(5,'丰台区',2),
(6,'昌平区',2),
(7,'大兴区',2),
(8,'顺义区',2),
(9,'西城区',2),
(10,'延庆县',2),
(11,'石景山区',2),
(12,'宣武区',2),
(13,'怀柔区',2),
(14,'崇文区',2),
(15,'密云县',2),
(16,'东城区',2),
(17,'门头沟区',2),
(18,'平谷区',2),
(19,'东莞市',3),
(20,'广州市',3),
(21,'中山市',3),
(22,'深圳市',3),
(23,'惠州市',3),
(24,'江门市',3),
(25,'珠海市',3),
(26,'汕头市',3),
(27,'佛山市',3),
(28,'湛江市',3),
(29,'河源市',3),
(30,'肇庆市',3),
(31,'潮州市',3),
(32,'清远市',3),
(33,'韶关市',3),
(34,'揭阳市',3),
(35,'阳江市',3),
(36,'云浮市',3),
(37,'茂名市',3),
(38,'梅州市',3),
(39,'汕尾市',3),
(40,'济南市',4),
(41,'青岛市',4),
(42,'临沂市',4),
(43,'济宁市',4),
(44,'菏泽市',4),
(45,'烟台市',4),
(46,'泰安市',4),
(47,'淄博市',4),
(48,'潍坊市',4),
(49,'日照市',4),
(50,'威海市',4),
(51,'滨州市',4),
(52,'东营市',4),
(53,'聊城市',4),
(54,'德州市',4),
(55,'莱芜市',4),
(56,'枣庄市',4),
(57,'苏州市',5),
(58,'徐州市',5),
(59,'盐城市',5),
(60,'无锡市',5),
(61,'南京市',5),
(62,'南通市',5),
(63,'连云港市',5),
(64,'常州市',5),
(65,'扬州市',5),
(66,'镇江市',5),
(67,'淮安市',5),
(68,'泰州市',5),
(69,'宿迁市',5),
(70,'郑州市',6),
(71,'南阳市',6),
(72,'新乡市',6),
(73,'安阳市',6),
(74,'洛阳市',6),
(75,'信阳市',6),
(76,'平顶山市',6),
(77,'周口市',6),
(78,'商丘市',6),
(79,'开封市',6),
(80,'焦作市',6),
(81,'驻马店市',6),
(82,'濮阳市',6),
(83,'三门峡市',6),
(84,'漯河市',6),
(85,'许昌市',6),
(86,'鹤壁市',6),
(87,'济源市',6),
(88,'松江区',7),
(89,'宝山区',7),
(90,'金山区',7),
(91,'嘉定区',7),
(92,'南汇区',7),
(93,'青浦区',7),
(94,'浦东新区',7),
(95,'奉贤区',7),
(96,'闵行区',7),
(97,'徐汇区',7),
(98,'静安区',7),
(99,'黄浦区',7),
(100,'普陀区',7),
(101,'杨浦区',7),
(102,'虹口区',7),
(103,'闸北区',7),
(104,'长宁区',7),
(105,'崇明县',7),
(106,'卢湾区',7),
(107,'石家庄市',8),
(108,'唐山市',8),
(109,'保定市',8),
(110,'邯郸市',8),
(111,'邢台市',8),
(112,'河北区',8),
(113,'沧州市',8),
(114,'秦皇岛市',8),
(115,'张家口市',8),
(116,'衡水市',8),
(117,'廊坊市',8),
(118,'承德市',8),
(119,'温州市',9),
(120,'宁波市',9),
(121,'杭州市',9),
(122,'台州市',9),
(123,'嘉兴市',9),
(124,'金华市',9),
(125,'湖州市',9),
(126,'绍兴市',9),
(127,'舟山市',9),
(128,'丽水市',9),
(129,'衢州市',9),
(130,'西安市',11),
(131,'咸阳市',11),
(132,'宝鸡市',11),
(133,'汉中市',11),
(134,'渭南市',11),
(135,'安康市',11),
(136,'榆林市',11),
(137,'商洛市',11),
(138,'延安市',11),
(139,'铜川市',11),
(140,'长沙市',12),
(141,'邵阳市',12),
(142,'常德市',12),
(143,'衡阳市',12),
(144,'株洲市',12),
(145,'湘潭市',12),
(146,'永州市',12),
(147,'岳阳市',12),
(148,'怀化市',12),
(149,'郴州市',12),
(150,'娄底市',12),
(151,'益阳市',12),
(152,'张家界市',12),
(153,'湘西州',12),
(154,'江北区',13),
(155,'渝北区',13),
(156,'沙坪坝区',13),
(157,'九龙坡区',13),
(158,'万州区',13),
(159,'永川市',13),
(160,'南岸区',13),
(161,'酉阳县',13),
(162,'北碚区',13),
(163,'涪陵区',13),
(164,'秀山县',13),
(165,'巴南区',13),
(166,'渝中区',13),
(167,'石柱县',13),
(168,'忠县',13),
(169,'合川市',13),
(170,'大渡口区',13),
(171,'开县',13),
(172,'长寿区',13),
(173,'荣昌县',13),
(174,'云阳县',13),
(175,'梁平县',13),
(176,'潼南县',13),
(177,'江津市',13),
(178,'彭水县',13),
(179,'璧山县',13),
(180,'綦江县',13),
(181,'大足县',13),
(182,'黔江区',13),
(183,'巫溪县',13),
(184,'巫山县',13),
(185,'垫江县',13),
(186,'丰都县',13),
(187,'武隆县',13),
(188,'万盛区',13),
(189,'铜梁县',13),
(190,'南川市',13),
(191,'奉节县',13),
(192,'双桥区',13),
(193,'城口县',13),
(194,'漳州市',14),
(195,'泉州市',14),
(196,'厦门市',14),
(197,'福州市',14),
(198,'莆田市',14),
(199,'宁德市',14),
(200,'三明市',14),
(201,'南平市',14),
(202,'龙岩市',14),
(203,'和平区',15),
(204,'北辰区',15),
(205,'河北区',15),
(206,'河西区',15),
(207,'西青区',15),
(208,'津南区',15),
(209,'东丽区',15),
(210,'武清区',15),
(211,'宝坻区',15),
(212,'红桥区',15),
(213,'大港区',15),
(214,'汉沽区',15),
(215,'静海县',15),
(216,'宁河县',15),
(217,'塘沽区',15),
(218,'昆明市',16),
(219,'红河州',16),
(220,'大理州',16),
(221,'文山州',16),
(222,'德宏州',16),
(223,'曲靖市',16),
(224,'昭通市',16),
(225,'楚雄州',16),
(226,'保山市',16),
(227,'玉溪市',16),
(228,'丽江地区',16),
(229,'临沧地区',16),
(230,'思茅地区',16),
(231,'西双版纳州',16),
(232,'怒江州',16),
(233,'迪庆州',16),
(234,'成都市',17),
(235,'绵阳市',17),
(236,'广元市',17),
(237,'达州市',17),
(238,'南充市',17),
(239,'德阳市',17),
(240,'广安市',17),
(241,'阿坝州',17),
(242,'巴中市',17),
(243,'遂宁市',17),
(244,'内江市',17),
(245,'凉山州',17),
(246,'攀枝花市',17),
(247,'乐山市',17),
(248,'自贡市',17),
(249,'泸州市',17),
(250,'雅安市',17),
(251,'宜宾市',17),
(252,'资阳市',17),
(253,'眉山市',17),
(254,'甘孜州',17),
(256,'贵港市',18),
(257,'玉林市',18),
(258,'北海市',18),
(259,'南宁市',18),
(260,'柳州市',18),
(261,'桂林市',18),
(262,'梧州市',18),
(263,'钦州市',18),
(264,'来宾市',18),
(265,'河池市',18),
(266,'百色市',18),
(267,'贺州市',18),
(268,'崇左市',18),
(269,'防城港市',18),
(270,'芜湖市',19),
(271,'合肥市',19),
(272,'六安市',19),
(273,'宿州市',19),
(274,'阜阳市',19),
(275,'安庆市',19),
(276,'马鞍山市',19),
(277,'蚌埠市',19),
(278,'淮北市',19),
(279,'淮南市',19),
(280,'宣城市',19),
(281,'黄山市',19),
(282,'铜陵市',19),
(283,'亳州市',19),
(284,'池州市',19),
(285,'巢湖市',19),
(286,'滁州市',19),
(287,'三亚市',20),
(288,'海口市',20),
(289,'琼海市',20),
(290,'文昌市',20),
(291,'东方市',20),
(292,'昌江县',20),
(293,'陵水县',20),
(294,'乐东县',20),
(295,'五指山市',20),
(296,'保亭县',20),
(297,'澄迈县',20),
(298,'万宁市',20),
(299,'儋州市',20),
(300,'临高县',20),
(301,'白沙县',20),
(302,'定安县',20),
(303,'琼中县',20),
(304,'屯昌县',20),
(305,'南昌市',21),
(306,'赣州市',21),
(307,'上饶市',21),
(308,'吉安市',21),
(309,'九江市',21),
(310,'新余市',21),
(311,'抚州市',21),
(312,'宜春市',21),
(313,'景德镇市',21),
(314,'萍乡市',21),
(315,'鹰潭市',21),
(316,'武汉市',22),
(317,'宜昌市',22),
(318,'襄樊市',22),
(319,'荆州市',22),
(320,'恩施州',22),
(321,'孝感市',22),
(322,'黄冈市',22),
(323,'十堰市',22),
(324,'咸宁市',22),
(325,'黄石市',22),
(326,'仙桃市',22),
(327,'随州市',22),
(328,'天门市',22),
(329,'荆门市',22),
(330,'潜江市',22),
(331,'鄂州市',22),
(332,'神农架林区',22),
(333,'太原市',23),
(334,'大同市',23),
(335,'运城市',23),
(336,'长治市',23),
(337,'晋城市',23),
(338,'忻州市',23),
(339,'临汾市',23),
(340,'吕梁市',23),
(341,'晋中市',23),
(342,'阳泉市',23),
(343,'朔州市',23),
(344,'大连市',24),
(345,'沈阳市',24),
(346,'丹东市',24),
(347,'辽阳市',24),
(348,'葫芦岛市',24),
(349,'锦州市',24),
(350,'朝阳市',24),
(351,'营口市',24),
(352,'鞍山市',24),
(353,'抚顺市',24),
(354,'阜新市',24),
(355,'本溪市',24),
(356,'盘锦市',24),
(357,'铁岭市',24),
(358,'台北市',25),
(359,'高雄市',25),
(360,'台中市',25),
(361,'新竹市',25),
(362,'基隆市',25),
(363,'台南市',25),
(364,'嘉义市',25),
(365,'齐齐哈尔市',26),
(366,'哈尔滨市',26),
(367,'大庆市',26),
(368,'佳木斯市',26),
(369,'双鸭山市',26),
(370,'牡丹江市',26),
(371,'鸡西市',26),
(372,'黑河市',26),
(373,'绥化市',26),
(374,'鹤岗市',26),
(375,'伊春市',26),
(376,'大兴安岭地区',26),
(377,'七台河市',26),
(378,'赤峰市',27),
(379,'包头市',27),
(380,'通辽市',27),
(381,'呼和浩特市',27),
(382,'乌海市',27),
(383,'鄂尔多斯市',27),
(384,'呼伦贝尔市',27),
(385,'兴安盟',27),
(386,'巴彦淖尔盟',27),
(387,'乌兰察布盟',27),
(388,'锡林郭勒盟',27),
(389,'阿拉善盟',27),
(390,'贵阳市',29),
(391,'黔东南州',29),
(392,'黔南州',29),
(393,'遵义市',29),
(394,'黔西南州',29),
(395,'毕节地区',29),
(396,'铜仁地区',29),
(397,'安顺市',29),
(398,'六盘水市',29),
(399,'兰州市',30),
(400,'天水市',30),
(401,'庆阳市',30),
(402,'武威市',30),
(403,'酒泉市',30),
(404,'张掖市',30),
(405,'陇南地区',30),
(406,'白银市',30),
(407,'定西地区',30),
(408,'平凉市',30),
(409,'嘉峪关市',30),
(410,'临夏回族自治州',30),
(411,'金昌市',30),
(413,'甘南州',30),
(414,'西宁市',31),
(415,'海西州',31),
(416,'海东地区',31),
(417,'海北州',31),
(418,'果洛州',31),
(419,'玉树州',31),
(420,'黄南藏族自治州',31),
(421,'乌鲁木齐市',32),
(422,'伊犁州',32),
(423,'昌吉州',32),
(424,'石河子市',32),
(425,'哈密地区',32),
(426,'阿克苏地区',32),
(427,'巴音郭楞州',32),
(428,'喀什地区',32),
(429,'塔城地区',32),
(430,'克拉玛依市',32),
(431,'和田地区',32),
(432,'阿勒泰州',32),
(433,'吐鲁番地区',32),
(434,'阿拉尔市',32),
(435,'博尔塔拉州',32),
(436,'五家渠市',32),
(437,'克孜勒苏州',32),
(438,'图木舒克市',32),
(439,'拉萨市',33),
(440,'山南地区',33),
(441,'林芝地区',33),
(442,'日喀则地区',33),
(443,'阿里地区',33),
(444,'昌都地区',33),
(445,'那曲地区',33),
(446,'吉林市',34),
(447,'长春市',34),
(448,'白山市',34),
(449,'白城市',34),
(450,'延边州',34),
(451,'松原市',34),
(452,'辽源市',34),
(453,'通化市',34),
(454,'四平市',34),
(457,'未知',2);

/*Table structure for table `customerservice_classification` */

DROP TABLE IF EXISTS `customerservice_classification`;

CREATE TABLE `customerservice_classification` (
  `id` int(11) NOT NULL AUTO_INCREMENT,
  `classification` varchar(50) NOT NULL,
  PRIMARY KEY (`id`)
) ENGINE=InnoDB AUTO_INCREMENT=3 DEFAULT CHARSET=utf8;

/*Data for the table `customerservice_classification` */

insert  into `customerservice_classification`(`id`,`classification`) values 
(1,'软件'),
(2,'硬件');

/*Table structure for table `customerservice_order` */

DROP TABLE IF EXISTS `customerservice_order`;

CREATE TABLE `customerservice_order` (
  `id` int(11) NOT NULL AUTO_INCREMENT,
  `job` varchar(2000) NOT NULL,
  `create_date` date DEFAULT NULL,
  `comleted_date` date DEFAULT NULL,
  `remarks` varchar(5000) DEFAULT NULL,
  `value1` varchar(200) DEFAULT NULL,
  `value2` varchar(200) DEFAULT NULL,
  `classification_id` int(11) DEFAULT NULL,
  `order_type_id` int(11) DEFAULT NULL,
  `school_id` int(11) NOT NULL,
  `status_id` int(11) DEFAULT NULL,
  `terminial_id` int(11) NOT NULL,
  `user_id` int(11) NOT NULL,
  PRIMARY KEY (`id`),
  KEY `customerservice_orde_classification_id_c17e3475_fk_customers` (`classification_id`),
  KEY `customerservice_orde_order_type_id_f0d92689_fk_customers` (`order_type_id`),
  KEY `customerservice_orde_school_id_baa544fa_fk_customers` (`school_id`),
  KEY `customerservice_orde_status_id_f640f3f3_fk_customers` (`status_id`),
  KEY `customerservice_orde_terminial_id_5fdd5293_fk_customers` (`terminial_id`),
  KEY `customerservice_orde_user_id_4159da8d_fk_customers` (`user_id`),
  CONSTRAINT `customerservice_orde_classification_id_c17e3475_fk_customers` FOREIGN KEY (`classification_id`) REFERENCES `customerservice_classification` (`id`),
  CONSTRAINT `customerservice_orde_order_type_id_f0d92689_fk_customers` FOREIGN KEY (`order_type_id`) REFERENCES `customerservice_ordertype` (`id`),
  CONSTRAINT `customerservice_orde_school_id_baa544fa_fk_customers` FOREIGN KEY (`school_id`) REFERENCES `customerservice_school` (`id`),
  CONSTRAINT `customerservice_orde_status_id_f640f3f3_fk_customers` FOREIGN KEY (`status_id`) REFERENCES `customerservice_status` (`id`),
  CONSTRAINT `customerservice_orde_terminial_id_5fdd5293_fk_customers` FOREIGN KEY (`terminial_id`) REFERENCES `customerservice_terminial` (`id`),
  CONSTRAINT `customerservice_orde_user_id_4159da8d_fk_customers` FOREIGN KEY (`user_id`) REFERENCES `customerservice_user` (`id`)
) ENGINE=InnoDB AUTO_INCREMENT=3 DEFAULT CHARSET=utf8;

/*Data for the table `customerservice_order` */

/*Table structure for table `customerservice_ordertype` */

DROP TABLE IF EXISTS `customerservice_ordertype`;

CREATE TABLE `customerservice_ordertype` (
  `id` int(11) NOT NULL AUTO_INCREMENT,
  `order_type` varchar(50) NOT NULL,
  `value` varchar(50) NOT NULL,
  `classification_id` int(11) NOT NULL,
  PRIMARY KEY (`id`),
  KEY `customerservice_orde_classification_id_4c3ab55d_fk_customers` (`classification_id`),
  CONSTRAINT `customerservice_orde_classification_id_4c3ab55d_fk_customers` FOREIGN KEY (`classification_id`) REFERENCES `customerservice_classification` (`id`)
) ENGINE=InnoDB AUTO_INCREMENT=81 DEFAULT CHARSET=utf8;

/*Data for the table `customerservice_ordertype` */

insert  into `customerservice_ordertype`(`id`,`order_type`,`value`,`classification_id`) values 
(8,'读卡器_接触不良、主机兼容性不好、电磁干扰','50-150',2),
(9,'读卡器_需要更换','50-150',2),
(10,'读卡器_COM口设置','20-80',2),
(11,'屏幕_黑屏，线路连接、连线跟换','50-150',2),
(12,'屏幕_白屏，学生端程序异常、网络连接异常','50-150',2),
(13,'屏幕_花屏、显示颜色异常，检修或更换','50-150',2),
(14,'屏幕_闪屏，电磁干扰或其他原因','50-150',2),
(15,'屏幕_屏幕触摸不良，需清洁、线路问题、检修、更换','50-150',2),
(16,'屏幕_屏幕显示异常，屏幕开关可调整','50-150',2),
(17,'屏幕_上下屏显示颠倒','10-50',2),
(18,'主机_蓝屏，系统原因、硬件原因','100-200',2),
(19,'主机_主机检修或更换，整机或硬盘、主板、内存、电源、CPU','100-200',2),
(20,'主机_重修系统、学生端','100-200',2),
(21,'主机_主机开机异常、频繁死机、重启','100-200',2),
(22,'主机_系统杀毒','50-150',2),
(23,'主机_设置定时开关机时间','10-50',2),
(24,'打印机_卡纸，送纸器、搓纸轮或需打印机清理等原因','50-150',2),
(25,'打印机_卡纸，打印机老化、打印机部件故障','50-150',2),
(26,'打印机_卡纸，非原装硒鼓导致卡纸问题','100-200',2),
(27,'打印机_扣费不出纸，打印机设置、打印机网络连接、打印机驱动等原因','50-150',2),
(28,'打印机_样式打印和纸盒选择异常','50-150',2),
(30,'打印机_非网络打印机升级为网络打印机','100-200',2),
(31,'打印机_更换打印机部件或整机','100-200',2),
(32,'老设备升级改造_包括主机、打印机、屏幕，含硬件在保或过保项目','200',2),
(33,'巡检','50-600',2),
(34,'新增终端项目实施','300',2),
(35,'\"远程检查基本故障问题_上下屏颠倒，页面放大缩小， 重启服务器，打印机卡纸， 缺墨，缺碳粉，\"','10—20',1),
(36,'个别学生无法登录、无法生成成绩单、报表_数据异常，修改判断','40—60',1),
(37,'个性服务_数据统一汇总：统计各学术的GPA绩点导出给老师','60-150',1),
(38,'清空免费份数_每个学期清空学生免费份数','40',1),
(39,'自助打印机服务器异常_重启服务器，监听服务，端口修改，出入站判断','20—60',1),
(40,'教务系统服务器异常_DBlink无法访问','20—40',1),
(41,'网络连接异常_如网络故障、IP被限制、学校网络波动、服务器异常、IP冲突','20—40',1),
(42,'报表修改_新增成绩单(按量)（简单）（复杂）','80—200',1),
(43,'报表修改_新增证明（简单）（复杂）','50—160',1),
(44,'报表修改_修改成绩单显示内容','50-60',1),
(45,'报表修改_修改证明落款位置，内容','40-60',1),
(46,'SQL修改_一个或若干个学生绩点异常(学校更改规则)','40—80',1),
(47,'SQL修改_自助打印和教务系统绩点不一致（判断缺失）','50—100',1),
(48,'SQL修改_学校修改了GPA计算规则','80—100',1),
(49,'校园卡读卡器_仅动态库替换更新就解决','20—40',1),
(50,'校园卡读卡器_更新动态库后不能登录扣费还修改方法代码','80—200',1),
(51,'校园卡读卡器_端口被占用，一卡通地址更改','40—80',1),
(52,'校园卡读卡器_自助打印扣费和一卡通收费不一致（检查日志查找原因）','40—200',1),
(53,'校园卡读卡器_重写一卡通方法或对接没接触过的一卡通','120-180',1),
(54,'校园卡读卡器_旧卡可以使用，新卡不能正常使用','20-200',1),
(55,'个性化开发_后台数据导出导入，每个学期份数清空','300—400',1),
(56,'个性化开发_学生端图标界面文字修改，二级菜单添加，','300—400',1),
(57,'个性化开发_2.5及后面的版本个性化开发（后续补上）','100-200',1),
(58,'个性化开发_自定义参数传值开发，统一身份认证开发，一卡通开发，增删改查','250-500',1),
(59,'添加微信支付、支付宝支付功能_使用我们公司的，使用学校的','40-80,100-300',1),
(60,'教务系统升级对接_数据对接','100-250',1),
(61,'教务系统升级对接_教务升级没有个性化开发功能','150-200',1),
(62,'教务系统升级对接_教务升级有个性化开发功能','200-300',1),
(63,'教务系统迁移对接_（一般是更换IP）','40',1),
(64,'重装服务器_有备份情况','60-100',1),
(65,'重装服务器_没有备份，需要重新部署程序、编写SQL查询语句','200—450',1),
(66,'课程替换_修改语句，关联数据源数量','80—100',1),
(67,'数据导入_如课程翻译数据、照片数据、成绩数据等','30-50',1),
(68,'教师端_旧版教师端安装（2.5之前）','40—80',1),
(69,'教师端_新版教师端安装','40-100',1),
(70,'教师端_教师端使用异常','50—100',1),
(71,'教师端_（2.5之前）版本开发，参数字段修改，TeacherAction修改','100-250',1),
(72,'自助终端登录慢_语句优化，内存优化，开机自启动','40—80',1),
(73,'报表生成慢_修改语句，去除多余不用的字段（复杂语句长）','20-250',1),
(74,'实现电子印章_电子盖章参数错误，位置错误，印章没显示','30—50',1),
(75,'售后巡检报告_检查程序服务器，数据库服务器，定时备份，自启动，终端监控，后台打印记录','80-100',1),
(76,'一卡通扣费异常_新开普扣费上传失败，正元一卡通登录无法扣费等','100-120',1),
(77,'微信支付没有出现二维码_网络问题，访问限制','30-50',1),
(78,'对接一卡通接口_对接新的一卡通公司，第三方接口对接等','150-250',1),
(79,'对接教务接口_对接第三方教务系统接口，强制-青果，正方-强智等，webservice接口，推送汇总字','200-300',1),
(80,'迁移服务器地址_整个程序，数据库备份迁移','150-200',1);

/*Table structure for table `customerservice_printer` */

DROP TABLE IF EXISTS `customerservice_printer`;

CREATE TABLE `customerservice_printer` (
  `id` int(11) NOT NULL AUTO_INCREMENT,
  `printer_name` varchar(50) NOT NULL,
  PRIMARY KEY (`id`)
) ENGINE=InnoDB AUTO_INCREMENT=10 DEFAULT CHARSET=utf8;

/*Data for the table `customerservice_printer` */

insert  into `customerservice_printer`(`id`,`printer_name`) values 
(1,'HP3015'),
(2,'HP506'),
(3,'HP551'),
(4,'HP552'),
(5,'HP605'),
(6,'HP607'),
(7,'HP608'),
(8,'HP553'),
(9,'无');

/*Table structure for table `customerservice_province` */

DROP TABLE IF EXISTS `customerservice_province`;

CREATE TABLE `customerservice_province` (
  `id` int(11) NOT NULL AUTO_INCREMENT,
  `province_name` varchar(50) NOT NULL,
  PRIMARY KEY (`id`)
) ENGINE=InnoDB AUTO_INCREMENT=37 DEFAULT CHARSET=utf8;

/*Data for the table `customerservice_province` */

insert  into `customerservice_province`(`id`,`province_name`) values 
(2,'北京市'),
(3,'广东省'),
(4,'山东省'),
(5,'江苏省'),
(6,'河南省'),
(7,'上海市'),
(8,'河北省'),
(9,'浙江省'),
(10,'香港特别行政区'),
(11,'陕西省'),
(12,'湖南省'),
(13,'重庆市'),
(14,'福建省'),
(15,'天津市'),
(16,'云南省'),
(17,'四川省'),
(18,'广西壮族自治区'),
(19,'安徽省'),
(20,'海南省'),
(21,'江西省'),
(22,'湖北省'),
(23,'山西省'),
(24,'辽宁省'),
(25,'台湾省'),
(26,'黑龙江'),
(27,'内蒙古自治区'),
(28,'澳门特别行政区'),
(29,'贵州省'),
(30,'甘肃省'),
(31,'青海省'),
(32,'新疆维吾尔自治区'),
(33,'西藏区'),
(34,'吉林省'),
(35,'宁夏回族自治区'),
(36,'未知');

/*Table structure for table `customerservice_school` */

DROP TABLE IF EXISTS `customerservice_school`;

CREATE TABLE `customerservice_school` (
  `id` int(11) NOT NULL AUTO_INCREMENT,
  `school_name` varchar(50) NOT NULL,
  `address` varchar(2000) NOT NULL,
  `contect_person` varchar(200) NOT NULL,
  `software_period` date NOT NULL,
  `project_nature` tinyint(1) NOT NULL,
  `city_id` int(11) DEFAULT NULL,
  `province_id` int(11) NOT NULL,
  PRIMARY KEY (`id`),
  KEY `customerservice_scho_city_id_ffbe6868_fk_customers` (`city_id`),
  KEY `customerservice_scho_province_id_95ba6a88_fk_customers` (`province_id`),
  CONSTRAINT `customerservice_scho_city_id_ffbe6868_fk_customers` FOREIGN KEY (`city_id`) REFERENCES `customerservice_city` (`id`),
  CONSTRAINT `customerservice_scho_province_id_95ba6a88_fk_customers` FOREIGN KEY (`province_id`) REFERENCES `customerservice_province` (`id`)
) ENGINE=InnoDB AUTO_INCREMENT=434 DEFAULT CHARSET=utf8;

/*Data for the table `customerservice_school` */

insert  into `customerservice_school`(`id`,`school_name`,`address`,`contect_person`,`software_period`,`project_nature`,`city_id`,`province_id`) values 
(2,'四川工商职业技术学院','','教务处-刘丹 电话： QQ：1009425532','1999-09-09',0,234,17),
(3,'江苏信息职业技术学院','','孔原 电话：0510-83296167 QQ：0','1999-09-09',0,60,5),
(4,'广西师范大学漓江学院','','教务处-张老师 电话： QQ：147741197','1999-09-09',0,261,18),
(5,'河北金融学院','','翟彦彪 代理商 电话： QQ：279485060','1999-09-09',0,109,8),
(7,'大连海洋大学','','','1999-09-09',0,344,24),
(8,'丽水学院','','','1999-09-09',0,128,9),
(9,'浙江水利水电学院','','','1999-09-09',1,121,9),
(10,'浙江大学城市学院（教职工）','','','1999-09-09',0,121,9),
(11,'沈阳大学（事务大厅）','','','2019-12-13',0,345,24),
(12,'南京审计大学金审学院','','','1999-09-09',0,61,5),
(13,'中国石油大学（北京）克拉玛依校区','','','1999-09-09',0,430,32),
(14,'扬州大学','','','1999-09-09',0,65,5),
(15,'南昌大学','','','1999-09-09',0,305,21),
(16,'复旦大学','','','2020-06-30',0,457,7),
(17,'安徽中医药大学','','','1999-09-09',0,271,19),
(18,'芜湖职业技术学院','','','1999-09-09',0,270,19),
(19,'浙江特殊教育职业学院','','','1999-09-09',0,121,9),
(20,'东北石油大学','','','1999-09-09',0,367,26),
(21,'浙江建设技师学院','','','1999-09-09',0,121,9),
(22,'电子科技大学','','','1999-09-09',0,234,17),
(23,'西南财经大学研究生院','','','1999-09-09',0,234,17),
(24,'无锡科技职业学院','','','1999-09-09',0,60,5),
(26,'浙江农业商贸职业学院','','','1999-09-09',0,126,9),
(27,'湖州师范学院','','','1999-09-09',0,125,9),
(28,'山东工艺美术学院','山东省济南市长清区山东工艺美术学院（长清校区）综合楼二楼教务处2035房间旁边（需上楼，有电梯） ',' 阴勇 13791051079','1999-09-09',0,40,4),
(29,'兰州城市学院','','','1999-09-09',0,399,30),
(30,'武汉体育学院','','','1999-09-09',0,316,22),
(31,'浙江工商大学（人事处）','','','1999-09-09',0,121,9),
(32,'浙江传媒学院（多部门）','','','1999-09-09',1,121,9),
(33,'天津中医药大学','','','1999-09-09',0,457,15),
(34,'辽宁石油化工大学','','','2019-12-10',0,353,24),
(35,'西昌学院','','','2019-12-03',0,457,17),
(36,'大连理工大学（多部门）','','','1999-09-09',0,344,24),
(37,'南阳理工学院','','','1999-09-09',0,71,6),
(38,'华中科技大学档案馆','','','1999-09-09',0,316,22),
(39,'绍兴文理学院元培学院','','','2019-12-21',0,126,9),
(40,'甘肃农业大学','','','1999-09-09',0,399,30),
(41,'宁德师范学院','','','2019-12-08',0,199,14),
(42,'长春工程学院','','','1999-09-09',0,447,34),
(43,'邢台职业技术学院','','','1999-09-09',0,111,8),
(44,'陕西交通职业技术学院','','','1999-09-09',0,130,11),
(45,'四川外国语大学重庆南方翻译学院','渝北校区：重庆市渝北区龙石路18号，邮编：401120    綦江校区：重庆市綦江区文龙街道学府路1号，邮编401420 ','潘老师 QQ：24351142 电话：13206118079 ','2019-11-13',0,155,13),
(46,'杭州电子科技大学信息工程学院','','','1999-09-09',0,121,9),
(47,'天津师范大学','','','1999-09-09',0,457,15),
(48,'沈阳医学院','','','2019-11-23',0,345,24),
(49,'华南师范大学（多部门）','','','1999-09-09',0,20,3),
(50,'广东职业技术学院','','','2021-11-20',0,27,3),
(51,'菏泽医学专科学校','','韩老师 13561329006','1999-09-09',0,44,4),
(52,'西安交通大学研究生院','','','1999-09-09',0,130,11),
(53,'华北水利水电大学','','','1999-09-09',0,70,6),
(54,'衢州职业技术学院','','','1999-09-09',0,129,9),
(55,'中山大学孙逸仙纪念医院','','','1999-09-09',0,20,3),
(56,'北京城市学院','','','1999-09-09',0,457,2),
(57,'华中师范大学','','','2021-11-08',0,316,22),
(58,'广西科技师范学院','','','2020-04-10',0,264,18),
(59,'闽江学院','','','1999-09-09',0,197,14),
(60,'中国石油大学（北京）研究生院','','','1999-09-09',0,457,2),
(61,'武汉东湖学院','','','1999-09-09',0,316,22),
(62,'浙江海洋大学','','','1999-09-09',0,127,9),
(63,'南宁学院','','','2019-11-29',0,259,18),
(64,'西安交通大学（学工处）','','','1999-09-09',0,130,11),
(65,'浙江经贸职业技术学院','','','1999-09-09',0,121,9),
(66,'沈阳大学','','','1999-09-09',0,345,24),
(67,'大连外国语大学','','','1999-09-09',0,344,24),
(68,'首都师范大学（系统对接）','','','1999-09-09',0,457,2),
(69,'福建师范大学研究生院','','','1999-09-09',0,197,14),
(70,'电子科技大学（人力资源部）','','','1999-09-09',0,234,17),
(71,'新疆财经大学','','','1999-09-09',0,421,32),
(72,'江苏科技大学苏州理工学院','','','1999-09-09',0,57,5),
(73,'浙江理工大学研究生院','','','1999-09-09',0,121,9),
(74,'华中科技大学研究生院','','','1999-09-09',0,316,22),
(75,'山西财经大学研究生学院','','','2019-09-30',0,333,23),
(76,'赣南医学院','','','1999-09-09',0,306,21),
(77,'东南大学研究生院','','','1999-09-09',0,61,5),
(78,'成都职业技术学院','1. 成都市新津县花源镇花源大道310号（成都职业技术学院花源校区）行政楼1楼大厅  一台，实质上是2楼，有电梯直达没有步梯。\r\n2.成都市大石西路56号（成都职业技术学院青羊校区）实训楼1楼大厅 一台，没有楼梯。','陈凌 18982082203','2021-10-12',0,234,17),
(80,'浙江警察学院','','','2019-07-23',0,121,9),
(81,'中国计量大学（保卫处）','','','2019-07-13',0,121,9),
(82,'濮阳职业技术学院','','','1999-09-09',0,82,6),
(83,'电子科技大学中山学院','','','1999-09-09',0,21,3),
(84,'南京大学金陵学院','','','1999-09-09',0,61,5),
(85,'西安科技大学','','','1999-09-09',0,130,11),
(86,'华东理工大学','','','2020-01-11',0,457,7),
(87,'浙江大学城市学院','','','1999-09-09',0,121,9),
(88,'桂林电子科技大学研究生院','','','1999-09-09',0,261,18),
(89,'重庆医科大学','袁家岗校区 收货地址(2台)：重庆市渝中区袁家岗医学院路1号重庆医科大学，陈戈，13368082360 \r\n缙云校区 收货地址(2台)：重庆市沙坪坝区大学城重庆医科大学（缙云校区），何光军，15215152118 ','陈戈，13368082360  何光军，15215152118 ','2021-10-29',0,166,13),
(90,'南京工程学院','','','1999-09-09',0,61,5),
(91,'中南财经政法大学','','','2019-11-16',0,316,22),
(92,'湖北商贸学院','','','1999-09-09',0,316,22),
(93,'哈尔滨商业大学','','','1999-09-09',0,366,26),
(94,'杭州师范大学钱江学院','','','1999-09-09',0,121,9),
(95,'中山大学本科（设备改造）','','','1999-09-09',0,20,3),
(96,'陕西中医药大学','','','1999-09-09',0,130,11),
(97,'浙江工业职业技术学院','','','2019-06-04',0,126,9),
(98,'河南工业大学','','','2021-06-15',0,70,6),
(100,'惠州学院','','','2019-07-03',0,23,3),
(101,'中南林业科技大学','','','2021-07-10',0,140,12),
(102,'吉安职业技术学院','','','2021-11-20',0,308,21),
(103,'西南医科大学','四川省泸州市西南医科大学城北校区德诚楼321办公室 \r\n 王钰 13458704153 ',' 王钰 13458704153 ','2020-05-12',0,249,17),
(104,'中山大学肿瘤防治中心','','','1999-09-09',0,20,3),
(105,'四川理工学院','自贡校区：四川省自贡市汇兴路519号四川理工学院汇南校区厚德楼213，卢建光，13990005035 \r\n宜宾校区：四川省宜宾市临港经济技术开发区大学城188号四川理工学院临港校区A4教学楼，卢建光，13990005035  ','卢老师 13990005035','1999-09-09',0,248,17),
(106,'唐山职业技术学院','','','1999-09-09',0,108,8),
(107,'塔里木大学','','','2019-05-08',0,389,32),
(108,'河北师范大学','','','2019-11-26',0,107,8),
(109,'山东农业大学','山东省泰安市泰山区岱宗大街61号山东农业大学校本部。收货人电话：15153871329；收货人姓名： 张耘凡 ；  ','张耘凡  15153871329','1999-09-09',0,46,4),
(110,'湖南工业大学','','','2019-05-02',0,144,12),
(111,'浙江交通职业技术学院','','','2021-06-29',0,121,9),
(112,'安康学院','','陈国杰 3571426076/0915-3261838','2021-05-18',0,135,11),
(113,'天津大学 研究生院','','','2019-06-07',0,457,15),
(114,'中国科学院理化技术研究所','','','2020-05-24',0,457,2),
(115,'中央财经大学 教务处','','','2021-11-16',0,457,2),
(116,'西藏民族大学','','','2019-06-13',0,131,11),
(117,'中国传媒大学','','','1999-09-09',0,457,2),
(118,'华侨大学（人事处）作废','','','1999-09-09',0,195,14),
(119,'浙江理工大学科技与艺术学院','','','1999-09-09',0,126,9),
(120,'华中农业大学研究生院','','','2019-07-02',0,316,22),
(121,'四川水利职业技术学院','陶涛 18328350855  四川崇州市羊马新城永和大道366号  四川水利职业技术学院    \r\n 四川省都江堰市复兴街40号   四川水利职业技术学院   ‭133 2099 8378‬ 吴限 ','陶涛 18328350855  吴限  ‭133 2099 8378‬ ','2019-05-11',0,234,17),
(122,'天津体育学院','','','1999-09-09',0,457,15),
(123,'东北大学（旧设备改造）','','','1999-09-09',0,345,24),
(124,'广东理工职业学院','','','1999-09-09',0,21,3),
(125,'中山大学','','','2020-12-20',0,20,3),
(126,'贵州大学','','','1999-09-09',0,390,29),
(127,'浙江音乐学院','','','2021-05-31',0,121,9),
(128,'浙江同济科技职业学院','','','2018-12-09',0,457,9),
(129,'浙江树人大学','','','2019-04-26',0,121,9),
(130,'暨南大学人力资源开发与管理处','','','2021-12-12',0,20,3),
(131,'北京化工大学','','','2021-05-09',0,457,2),
(132,'内蒙古科技大学','','','1999-09-09',0,379,27),
(133,'温州医科大学','','','2019-01-19',0,119,9),
(134,'大连东软信息学院','','','2020-07-27',0,344,24),
(135,'陕西师范大学','','','1999-09-09',0,130,11),
(136,'青岛酒店管理职业技术学院','','王风磊 18661955902','2021-11-08',0,41,4),
(137,'大连民族大学','','','1999-09-09',0,344,24),
(138,'重庆邮电大学移通学院','','李老师 ： 13271932141  ','2021-03-14',0,156,13),
(139,'西安外国语大学','','','2021-11-14',0,130,11),
(140,'深圳技术大学','','','2020-12-04',0,22,3),
(141,'昆明医科大学','','','1999-09-09',0,218,16),
(142,'邢台学院','','','1999-09-09',0,111,8),
(143,'河南大学研究生院','','','1999-09-09',0,70,6),
(144,'广东财经大学华商学院','','','2019-04-13',0,20,3),
(145,'郑州大学体育学院','','','2020-11-22',0,70,6),
(146,'海南大学','','','2019-04-11',0,288,20),
(147,'商丘医学高等专科学校','','','1999-09-09',0,78,6),
(148,'临沂大学','','刘老师 15653975566','2018-12-13',0,42,4),
(149,'江汉大学','','','2019-09-12',0,316,22),
(150,'绍兴文理学院','','','2018-12-20',0,126,9),
(151,'南昌大学研究生院','','','2019-01-19',0,305,21),
(152,'山西财经大学','','','2021-04-11',0,333,23),
(153,'杭州医学院','','','1999-09-09',0,121,9),
(154,'石河子大学','','','1999-09-09',0,424,32),
(155,'浙江农林大学暨阳学院','','','2020-04-20',0,457,9),
(156,'宁波工程学院','','','2023-01-30',1,120,9),
(157,'西安欧亚学院','','','2021-10-22',0,130,11),
(158,'福建师范大学（档案馆）（硬件）','','','1999-09-09',0,197,14),
(159,'广州民航职业技术学院','','','1999-09-09',0,20,3),
(160,'济南大学','','张老师 13589030902','1999-09-09',0,40,4),
(161,'河南师范大学','','','1999-09-09',0,70,6),
(162,'辽宁公安司法管理干部学院','','','1999-09-09',0,345,24),
(163,'辽宁中医药大学','','','2020-12-18',0,345,24),
(164,'莆田学院','','','2020-10-17',0,198,14),
(165,'天水师范学院','','','2018-11-17',0,400,30),
(166,'新疆农业大学','','','1999-09-09',0,421,32),
(167,'西安电子科技大学','','','2020-12-15',0,130,11),
(168,'浙江邮电职业技术学院','','','2021-06-27',0,126,9),
(169,'西华大学','','','2021-05-07',0,234,17),
(170,'中国地质大学（武汉）','','','1999-09-09',0,316,22),
(171,'湖北第二师范学院','','','2018-12-04',0,316,22),
(172,'浙江工业大学之江学院','','','2018-12-04',0,126,9),
(173,'贵州师范大学','','','2019-09-18',0,390,29),
(174,'重庆三峡学院','','刘老师：15023838815','2019-12-14',0,154,13),
(175,'澳门城市大学','','','2020-10-18',0,457,28),
(176,'黄山学院','','','1999-09-09',0,281,19),
(177,'上海第二工业大学','','','2018-11-08',0,457,7),
(178,'郑州幼儿师范高等专科学校','','','1999-09-09',0,70,6),
(179,'哈尔滨工程大学','','','1999-09-09',0,366,26),
(180,'中国计量大学现代科技学院','','','2018-06-07',0,121,9),
(181,'唐山学院','','','2019-01-09',0,108,8),
(182,'湖北大学','','','1999-09-09',0,316,22),
(183,'常熟理工学院','','','2021-04-03',0,457,5),
(184,'中南大学研究生院','','','2020-07-04',0,140,12),
(185,'星海音乐学院研究生院','','','2019-04-26',0,20,3),
(186,'广东交通职业技术学院','','','2020-11-20',0,20,3),
(187,'山西师范大学现代文理学院','','','1999-09-09',0,339,23),
(188,'浙江中医药大学','','','1999-09-09',0,121,9),
(189,'中国石油大学（北京）','','','2017-05-27',0,457,2),
(190,'四川民族学院','','吕老师（杨老师）18990465960（18990465151）','1999-09-09',0,236,17),
(191,'东莞理工学院城市学院','','','1999-09-09',0,19,3),
(192,'为明教育集团','','','1999-09-09',0,457,2),
(193,'山东财经大学','','李老师 13791007789','1999-09-09',0,40,4),
(194,'皖西学院','','','2020-07-18',0,272,19),
(195,'河南工程学院','','','2018-12-01',0,70,6),
(196,'湖北师范大学','','','2018-12-12',0,325,22),
(198,'西南大学荣昌校区','','','2018-10-17',0,154,13),
(199,'浙江工业大学','','','2018-11-16',0,121,9),
(200,'上海海关学院','','','2022-12-08',0,457,7),
(201,'电子科技大学（宿舍管理）','','','2018-09-20',0,234,17),
(202,'湖北经济学院','','','1999-09-09',0,316,22),
(203,'泰山医学院','','王老师 13581191269','2020-09-14',0,46,4),
(204,'南京农业大学研究生院','','','1999-09-09',0,61,5),
(205,'华中科技大学同济医学院','','','2021-07-10',0,316,22),
(206,'渤海大学','','','1999-09-09',0,457,24),
(207,'中国科学院过程工程研究所','','','2020-01-15',0,457,2),
(208,'苏州科技大学天平学院','','','2019-05-24',0,57,5),
(209,'齐齐哈尔医学院','','','2021-10-29',0,365,26),
(210,'广东石油化工学院-化学管理平台','','','1999-09-09',0,37,3),
(211,'广东工业大学','','','2021-04-13',0,20,3),
(212,'福建农林大学金山学院','','','2020-06-23',0,197,14),
(215,'西南民族大学','老校区地址：四川省成都市一环路南四段16号西南民族大学图书馆一楼 \r\n新校区地址：四川省成都市双流区航空港开发区大件路文星段168号西南民族大学北区学生自助服务中心一楼\r\n联系人：刘老师\r\n联系电话：13388166122','刘老师 联系电话：13388166122','1999-09-09',0,234,17),
(216,'河南理工大学','','','1999-09-09',0,70,6),
(217,'山东师范大学','','崔老师 13793181128','1999-09-09',0,40,4),
(219,'广州医科大学（多部门）','','','2019-10-17',0,20,3),
(220,'南京航空航天大学档案馆','','','1999-09-09',0,61,5),
(221,'东南大学档案馆','','','1999-09-09',0,61,5),
(222,'潍坊医学院','','刘老师 18763670627','1999-09-09',0,48,4),
(223,'中国政法大学研究生院','','','2020-05-09',0,457,2),
(224,'唐山师范学院','','','1999-09-09',0,108,8),
(225,'西南林业大学','','','1999-09-09',0,218,16),
(226,'苏州大学','','','1999-09-09',0,57,5),
(227,'河南农业大学','','','2018-11-21',0,70,6),
(228,'江西警察学院','','','1999-09-09',0,305,21),
(229,'宜春学院','','','2018-12-05',0,312,21),
(230,'闽南师范大学','','','2021-09-24',0,194,14),
(231,'福建中医药大学','','','1999-09-09',0,197,14),
(232,'泉州师范学院','','','2021-01-18',0,195,14),
(233,'广州中医药大学','','','1999-09-09',0,20,3),
(234,'河源职业技术学院','','','2021-12-13',0,20,3),
(235,'中山大学新华学院','','','2019-06-27',0,20,3),
(236,'桂林理工大学','','','1999-09-09',0,261,18),
(237,'毕节医学高等专科学校','','','1999-09-09',0,395,29),
(238,'华南农业大学校长办公室','','','1999-09-09',0,20,3),
(239,'江西中医药大学','','','2023-04-25',0,305,21),
(240,'广东科学技术职业学院','','','1999-09-09',0,25,3),
(241,'福建师范大学闽南科技学院','','','1999-09-09',0,195,14),
(242,'重庆大学城市科技学院','','张老师：17772354260','2020-07-08',0,159,13),
(243,'清远职业技术学院','','','1999-09-09',0,32,3),
(244,'南京医科大学','','','1999-09-09',0,61,5),
(245,'云南大学','','','1999-09-09',0,218,16),
(246,'南方医科大学（校办）','','','1999-09-09',0,20,3),
(247,'德宏师范高等专科学院','','','1999-09-09',0,222,16),
(248,'山东中医药大学','','王老师： 15665775727','1999-09-09',0,40,4),
(249,'大连理工大学','','','2023-12-07',0,344,24),
(250,'东北师范大学研究生院','','','2019-04-25',0,447,34),
(251,'金陵科技学院','','','1999-09-09',0,61,5),
(252,'南京农业大学浦口校区','','','1999-09-09',0,61,5),
(253,'西南大学研究生院','','段有德 电话： 13883742127 QQ：343692379','2017-01-12',0,154,13),
(254,'西南政法大学研究生院','','蒋旭丹 13883376576','2017-12-31',0,154,13),
(255,'长沙理工大学','','','1999-09-09',0,140,12),
(256,'西安交通大学（2016）','','','2019-01-10',0,130,11),
(257,'福州大学研究生院','','','2019-12-28',0,197,14),
(258,'长春工业大学','','','2020-05-09',0,447,34),
(259,'安徽农业大学','','','1999-09-09',0,271,19),
(260,'四川旅游学院','','','2017-12-25',0,234,17),
(261,'浙江师范大学','','','1999-09-09',0,124,9),
(263,'吉林师范大学','','','2017-12-09',0,454,34),
(264,'福州大学（新增）','','','2018-11-17',0,197,14),
(265,'青岛农业大学','','潘军 13864273190','2018-03-28',0,41,4),
(266,'中国石油大学（华东）档案馆','','马老师 13356851790','2020-05-22',0,41,4),
(267,'西安文理学院','','','2017-05-06',0,130,11),
(268,'中山大学本科校办','','','2023-01-22',0,20,3),
(269,'四川美术学院','新购买的那台：重庆市九龙坡区黄桷坪街108号四川美术学院 欧阳老师 15823121060 \r\n\r\n改造的那台：重庆市沙坪坝区大学城四川美术学院绘画楼2楼教学值班室 聂老师 18108390637\r\n','聂老师 电话：18108390637','2020-09-09',0,157,13),
(270,'山东工商学院','','教务处长-丁兆军-已调职 电话： QQ：644475750','1999-09-09',0,45,4),
(271,'成都医学院','','杨老师 电话： QQ：28245914','2020-06-16',0,234,17),
(272,'东北大学研究生院','','马老师 电话：02483680666 QQ：1486461176','2019-12-23',0,345,24),
(273,'南京大学研究生院','','吴老师 电话： QQ：0','2022-05-25',0,61,5),
(274,'河南中医药大学研究生院','','李晓坤 电话： QQ：17105572','1999-09-09',0,70,6),
(275,'嘉兴学院南湖学院','','章老师 电话： QQ：363219459','2020-03-20',0,457,9),
(276,'大连海事大学研究生院','','张老师 电话：0411-84725699 QQ：0','2020-01-04',0,344,24),
(277,'中国劳动关系学院','','何老师 电话：010-88561866 13681295381 QQ：583704497 QQ：583704497','2018-06-28',0,457,2),
(278,'西北工业大学研究生院','','王老师 电话：029-88494016 QQ：58044687','2020-12-04',0,130,11),
(279,'华东交通大学','','李老师 电话： QQ：330698836','2018-04-01',0,305,21),
(280,'湖北中医药大学','','张智兵 电话： QQ：176490329','2021-06-22',0,316,22),
(281,'广东白云学院','','黄老师 电话：02036093958 QQ：0','2019-06-27',0,20,3),
(282,'吉林大学研究生院','','李鸿雁 电话： QQ：1294019614','2019-10-24',0,447,34),
(283,'广东医科大学','','黎科长 电话：0769-22896181 QQ：657809302','1999-09-09',0,28,3),
(284,'内蒙古工业大学','','刘老师 电话： QQ：122025056','1999-09-09',0,381,27),
(285,'南京体育学院','','石老师 电话：025-84755147 QQ：524860968','2021-11-07',0,61,5),
(286,'兰州理工大学','','谢新明 电话： QQ：41648608','2017-10-21',0,399,30),
(287,'山西师范大学','','范老师 电话： QQ：594690676','2019-10-27',0,339,23),
(288,'山西大学','','李仲轩老师 电话： QQ：275643126','1999-09-09',0,333,23),
(289,'重庆师范大学涉外商贸学院','','梁老师 电话： QQ：491529221','2017-03-28',0,457,13),
(290,'电子科技大学研究生院','','贾超 电话： QQ：497237636','2020-11-29',0,234,17),
(291,'合肥工业大学','','伍主任 电话： QQ：770804410','2020-10-18',0,271,19),
(292,'河南大学','','马飞 电话： QQ：416021382','2018-05-10',0,79,6),
(293,'新乡医学院','','杨建华 电话：03733831615 QQ：554105606','2017-02-15',0,72,6),
(294,'东北林业大学','','杨老师 电话： QQ：57753131','2019-11-30',0,366,26),
(295,'通化师范学院','','贺老师 电话： QQ：59129181','2017-05-10',0,457,34),
(296,'广东海洋大学寸金学院','','陈老师 电话： QQ：393842214','2017-04-20',0,28,3),
(297,'中国计量大学','','蒋老师 电话： QQ：48043972','2018-04-23',0,121,9),
(298,'四川交通职业技术学院','','廖老师 13699068017','2017-04-26',0,234,17),
(299,'大连海事大学','','白阳 电话： QQ：78264734','2017-06-12',0,344,24),
(300,'东北大学','','刘士卿 电话： QQ：47485969','2021-09-27',0,345,24),
(301,'江苏师范大学','','王利 电话： QQ：13585393883','2017-06-02',0,58,5),
(302,'苏州科技大学','','朱老师 电话： QQ：1067150961','2019-04-27',0,57,5),
(303,'武汉理工大学研究生院','','吴迅 电话： QQ：67432663','2019-11-23',0,316,22),
(304,'牡丹江师范学院','','梁际华科长 电话： QQ：3154954','2017-09-26',0,370,26),
(305,'暨南大学研究生院','','郑老师 电话： QQ：463489678','1999-09-09',0,20,3),
(306,'合肥工业大学档案馆','','李老师 电话：0551-62904119 QQ：0','2019-03-15',0,271,19),
(307,'齐鲁工业大学','','于洁 电话：13969129173  QQ：176610072','2018-05-29',0,40,4),
(308,'广东金融学院','','李科长 电话： QQ：350528252','2018-11-05',0,20,3),
(309,'浙江旅游职业学院','','周老师 电话：0571-82838029 QQ：177254332','2018-10-13',0,121,9),
(310,'西安翻译学院','','闫老师 电话： QQ：492291807','2018-06-23',0,130,11),
(311,'威海职业学院','','张瑞社 电话： QQ：125352429','2017-11-30',0,50,4),
(312,'铁道警察学院','','吴处长 电话： QQ：939940793','2017-09-01',0,70,6),
(313,'西安铁路职业技术学院','','邹科长 电话： QQ：1703152','2017-10-11',0,130,11),
(314,'大连工业大学','','张德鑫副处长 电话： QQ：371941639','2017-07-22',0,344,24),
(315,'广西医科大学','','苏上贵科长 电话：0771-5352218 QQ：287473534','2017-09-20',0,259,18),
(316,'陕西科技大学研究生院','','郭老师 电话： QQ：22066904','2019-12-22',0,130,11),
(317,'四川农业大学','','曾老师 电话： QQ：156256464','2017-09-13',0,234,17),
(318,'中国人民公安大学','','杨南应 电话： QQ：29700317','2020-05-30',0,457,2),
(319,'吉林农业大学','','尚薇薇 电话：04321-84532983 QQ：40786971','2020-07-11',0,447,34),
(320,'杭州师范大学研究生院','','何老师 电话： QQ：327269343','2019-12-05',0,121,9),
(321,'首都师范大学','','刘老师（教务处） 电话： QQ：0','2020-07-13',0,457,2),
(322,'阜阳师范学院','','鄱阳老师 电话： QQ：77694303','1999-09-09',0,274,19),
(323,'安徽医科大学','','邓科长 电话： QQ：42555579','2022-05-12',1,271,19),
(324,'东莞理工学院','','陈处长 电话： QQ：569351593','2018-09-23',0,19,3),
(325,'西安邮电大学','','王军 电话： QQ：56890824','2019-08-31',0,130,11),
(326,'中国美术学院','','陈老师 电话： QQ：22827037','2021-12-31',1,121,9),
(327,'中央财经大学研究生院','','刘小刚（网络中心） 电话：010-62288102 QQ：23547859','2020-03-01',0,457,2),
(328,'北方工业大学','','崔泽永老师 电话：010-88803515 QQ：300253','2019-12-07',0,457,2),
(329,'中国科学技术大学','','郑文曦 电话： QQ：24681667','2020-01-12',0,271,19),
(330,'杭州电子科技大学','','彭文婷 电话：0571-86915014 QQ：839517941','2019-04-20',0,121,9),
(331,'徐州医科大学','','金子煜 电话： QQ：277165662','2019-12-15',0,58,5),
(332,'浙江农林大学','','冯祖琴 电话：0571-63740308 QQ：549746013','2017-10-27',0,121,9),
(333,'中南大学','','李淑堃 电话： QQ：504579077','2019-06-30',0,140,12),
(334,'天津大学','','王老师 电话：022-27405191；022-27405864 QQ：416021382','2017-10-19',0,457,15),
(335,'山东大学','','杜鹃 电话：0531-88365366 QQ：1245398272','2026-06-22',0,40,4),
(336,'武汉大学','','陈琎 电话：02768752643 QQ：40599692','2017-11-09',0,316,22),
(337,'广西师范大学','','孔凡壬（换岗位了） 电话：0773-5845849 QQ：308358125','2018-09-27',0,261,18),
(338,'安徽大学','','宛老师 电话：0551-63861202 QQ：1965893889','2017-05-25',0,271,19),
(339,'重庆文理学院','','熊老师 电话： QQ：417768403','2016-12-02',0,457,13),
(340,'长江师范学院','','卢老师 电话： QQ：309749599','2018-11-05',0,457,13),
(341,'重庆工商大学','','王迎 电话： QQ：54141602','2018-11-23',0,457,13),
(342,'重庆大学','','杜瑞霞 电话：15002338612 QQ：392146552','2020-03-06',0,155,13),
(343,'西南政法大学','','唐老师 电话： 15922520311 QQ：1113568149','2015-05-15',0,157,13),
(344,'西南大学','','张代平 电话： QQ：24862843','2020-12-12',0,156,13),
(345,'浙江万里学院','','胡浩亮 电话： QQ：931181316','2021-01-20',1,120,9),
(346,'浙江建设职业技术学院','','邵老师 电话： QQ：439620948','2018-12-04',0,121,9),
(347,'杭州师范大学','','叶红辉 电话： QQ：85622385','2020-09-09',1,121,9),
(348,'浙江理工大学','','朱慧 电话： QQ：112770640','2020-03-23',1,121,9),
(349,'浙江科技学院','','贾瑾 电话： QQ：852509613','2019-11-26',1,121,9),
(350,'浙江工商大学','','王金萍 电话： QQ：9466246','2018-10-27',0,121,9),
(351,'浙江财经大学','','于磊 电话： QQ：21749487','2019-07-07',1,121,9),
(352,'浙江传媒学院','','胡平 电话： QQ：77823693','2018-05-20',1,121,9),
(353,'嘉兴学院','','蔡老师  电话： QQ：345562078','2017-12-10',0,123,9),
(354,'宁波大学科学技术学院','','林老师 电话： QQ：82061666','2017-04-26',0,120,9),
(355,'宁波城市职业技术学院','','方仁富 电话： QQ：9885704','2018-06-05',0,120,9),
(356,'宁波大红鹰学院','','葛老师 电话： QQ：792979172','2019-06-30',1,120,9),
(357,'温州大学','','钱合激 电话： QQ：280304407','2018-12-31',0,119,9),
(358,'云南农业大学','','张老师 电话： QQ：77914209','2017-03-03',0,218,16),
(359,'云南师范大学','','杨老师 电话： QQ：522475419','2017-11-20',0,218,16),
(360,'成都大学','','王磊 电话： QQ：55343672','2020-09-16',1,234,17),
(361,'西南财经大学','','何宇 电话： QQ：46691810','2018-12-18',0,234,17),
(362,'长安大学','','欧阳韬 电话： QQ：41229415','2017-11-17',0,130,11),
(363,'西北政法大学','','刘朝永 电话： QQ：598143282','2017-10-14',0,130,11),
(364,'西安交通大学','','刘老师 电话： QQ：38615955','2020-01-10',0,130,11),
(365,'西北农林科技大学','','安老师 电话： QQ：81811240','2019-01-04',0,457,11),
(366,'中国石油大学（华东）','','郑健 电话：053286981303 QQ：76130788','2018-08-06',0,41,4),
(367,'曲阜师范大学','','晏老师 电话： QQ：56286352','2016-08-01',0,49,4),
(368,'泰山学院','','叶老师 电话：05386713001 QQ：184509843','2016-09-06',0,46,4),
(369,'内蒙古农业大学','','孙境 电话：13451345637 QQ：2302846853','2019-03-04',0,381,27),
(370,'南京邮电大学','','王光辉 电话：18951896303 QQ：122120797','2019-11-17',0,61,5),
(371,'南京信息工程大学','','邹林斌 电话：13585123820 QQ：390940968','1999-09-09',0,61,5),
(372,'南京大学','','沈群 电话：13813821332 QQ：747294860','2018-07-03',0,61,5),
(373,'南京工业大学','','钱老师 电话：13913970085 QQ：529822571','2017-11-02',0,61,5),
(374,'南京森林警察学院','','秦老师 电话：13770850756 QQ：40559577','2016-11-14',0,61,5),
(375,'中国药科大学','','饶老师 电话：15950494324 QQ：365006842','2019-07-28',0,61,5),
(376,'南京农业大学','','刘智勇 电话：18936033711 QQ：6365046','2018-08-20',0,61,5),
(377,'中国矿业大学','','史强 电话：13852086946 QQ：324537058','2019-12-01',0,58,5),
(378,'东北师范大学','','刘老师 电话：043185099162 QQ：173510770','2018-10-28',0,447,34),
(379,'吉林大学','','刘老师 电话：13578920689 QQ：182090808','2019-07-13',0,447,34),
(380,'湖北民族学院','','广州联奕杨星 电话：18627906003 QQ：553285038','2019-04-13',0,320,22),
(381,'华中农业大学','','陶老师 电话：13554407397 QQ：413991164','2018-08-26',0,316,22),
(382,'武汉科技大学','','黄彦 电话：13886039909 QQ：252854','1999-09-09',0,316,22),
(383,'黑龙江经济管理干部学院','','陶老师 电话：13554407397 QQ：413991164','2018-11-29',0,366,26),
(384,'河南科技学院','','赵老师 电话：13937328791 QQ：39650326','1999-09-09',0,72,6),
(385,'郑州大学','','卢老师 电话：18539982605 QQ：799588689','2017-04-02',0,70,6),
(386,'河北农业大学','','李卫宁 电话：15383326588 QQ：85312002','2021-03-26',0,109,8),
(387,'韩山师范学院','','罗菲妮 电话：13829099985 QQ：51953423','2017-06-05',0,31,3),
(388,'广东第二师范学院','','庞文霞 电话：13710976088 QQ：9078927','2018-07-02',0,20,3),
(389,'广东技术师范学院','','李老师 电话：13535072566 QQ：3309792','2020-05-05',1,20,3),
(390,'中山大学研究生院','','蓝老师 电话：18922181762 QQ：1142247193','2022-11-22',0,20,3),
(391,'星海音乐学院','','杨老师 电话：13427577936 QQ：272263175','2019-11-27',1,20,3),
(392,'南方医科大学','','王光磊 电话：13632102229 QQ：395779423','2020-05-05',1,20,3),
(393,'华南师范大学','','郭莉 电话：13560135015 QQ：17062520','2017-10-24',0,20,3),
(394,'华南农业大学','','谢科长 电话：13609028653 QQ：1624925924','2018-03-16',0,20,3),
(395,'广州大学','','葛老师 电话：15818819784 QQ：14758862','2017-06-10',0,20,3),
(396,'广州医科大学','','代老师 电话：15920381834 QQ：240234387','2018-03-24',0,20,3),
(397,'广东财经大学','','孙国永 电话：15913157877 QQ：412285375','2017-11-01',1,20,3),
(398,'广州铁路职业技术学院','','谭老师 电话：13302265993 QQ：623788396','2014-07-30',0,20,3),
(399,'广东外语外贸大学南国商学院','','陈老师 电话：13642327830 QQ：343477974','2018-12-29',0,20,3),
(400,'广东外语外贸大学研究生院','','胡秋红 电话：15913163065 QQ：87172153','2019-04-13',0,20,3),
(401,'广东外语外贸大学','','刘贝佳 电话：18826487696 QQ：449232668','2018-11-26',0,20,3),
(402,'暨南大学','','易老师 电话：13538989100 QQ：18038178','2019-09-06',0,20,3),
(403,'五邑大学','','胡红兵 电话：13556919364 QQ：184222631','2019-05-12',0,24,3),
(404,'广东石油化工学院','','陈科长 电话：13432990193 QQ：406241616','1999-09-09',0,37,3),
(405,'嘉应学院','','熊老师 电话：13690887644 QQ：438667489','2018-01-08',0,38,3),
(406,'韶关学院','','张老师 电话：13600219371 QQ：272622338','2017-08-12',0,33,3),
(407,'深圳大学研究生院','','邹老师 电话：15817431826 QQ：372491108','2017-02-23',0,22,3),
(408,'深圳职业技术学院','','教务处-王耀举 电话： QQ：1114811','2017-07-01',0,22,3),
(409,'深圳大学','','巫老师 电话：13510240498 QQ：5197551','2019-05-31',0,22,3),
(410,'岭南师范学院','','陈科长 电话：13531050813 QQ：315623943','2018-12-03',0,28,3),
(411,'广东海洋大学','','杨科长 电话：13809756916 QQ：1352207716','2015-08-26',0,28,3),
(412,'肇庆学院','','叶老师 电话：13760015040 QQ：12238962','2021-05-13',0,30,3),
(413,'北京理工大学珠海学院','','王乐老师 电话：15919176806 QQ：1287790','2017-08-31',1,25,3),
(414,'河西学院','','樊科长 电话：13830662848 QQ：31767603','2016-11-18',0,404,30),
(415,'福建工程学院','','马老师 电话：13706943069 QQ：415690334','2018-09-01',0,197,14),
(416,'福州大学','','钟科长 电话：13850159989 QQ：8959595','2017-10-23',0,197,14),
(417,'福建师范大学','','陈老师 电话：18950421699 QQ：348344655','1999-09-09',0,197,14),
(418,'福建农林大学','','余建辉 电话：15959016856 QQ：121621366','2016-12-24',0,197,14),
(419,'集美大学','','李海川老师 电话：13950049813 QQ：40902176','2016-09-01',0,196,14),
(420,'华侨大学','','张老师 电话：13959802890 QQ：37325445','2020-04-28',0,195,14),
(421,'中国政法大学','','王老师 电话：18612637891 QQ：1216094178','2019-05-25',0,457,2),
(422,'淮北师范大学','','仰老师 电话：13966094409 QQ：52040815','2019-06-29',0,278,19),
(423,'华中科技大学','','','2019-11-30',0,316,22),
(425,'长江师范学院（多部门）','重庆市涪陵区聚贤大道16号长江师范学院聚仕兰亭1栋\r\n\r\n  孙建乐 （收）\r\n  15922506018\r\n','  孙建乐 （收）   15922506018','2021-10-25',0,163,13),
(426,'重庆幼儿师范高等专科学校','','','2009-09-09',0,158,13),
(427,'山东交通学院','','邹老师	13583182801','2009-09-09',0,40,4),
(428,'滨州医学院','',' 韩处长	15965157295','2009-09-09',0,45,4),
(429,'山东水利职业学院','','姚处长	13792035768','2009-09-09',0,49,4),
(430,'山东青年政治学院','','梅贞	 13793147938','2009-09-09',0,40,4),
(431,'枣庄学院','','孙老师 (0632) 306 0236','2009-09-09',0,56,4),
(432,'淄博职业学院','','毕瀚文	13583396915','2009-09-09',0,47,4),
(433,'山东劳动职业技术学院','','赵老师	18906440177','2009-09-09',0,40,4);

/*Table structure for table `customerservice_status` */

DROP TABLE IF EXISTS `customerservice_status`;

CREATE TABLE `customerservice_status` (
  `id` int(11) NOT NULL AUTO_INCREMENT,
  `status_name` varchar(50) NOT NULL,
  PRIMARY KEY (`id`)
) ENGINE=InnoDB AUTO_INCREMENT=4 DEFAULT CHARSET=utf8;

/*Data for the table `customerservice_status` */

insert  into `customerservice_status`(`id`,`status_name`) values 
(1,'处理中'),
(2,'完成'),
(3,'已回访');

/*Table structure for table `customerservice_terminial` */

DROP TABLE IF EXISTS `customerservice_terminial`;

CREATE TABLE `customerservice_terminial` (
  `id` int(11) NOT NULL AUTO_INCREMENT,
  `terminial_name` varchar(50) NOT NULL,
  `teamviewerid` varchar(50) DEFAULT NULL,
  `anydeskid` varchar(50) DEFAULT NULL,
  `hardware_period` varchar(50) DEFAULT NULL,
  `contect_person` varchar(200) DEFAULT NULL,
  `contect_person2` varchar(200) DEFAULT NULL,
  `remarks` varchar(2000) DEFAULT NULL,
  `printer_id` int(11) DEFAULT NULL,
  `school_id` int(11) NOT NULL,
  `terminial_type_id` int(11) DEFAULT NULL,
  `wiscard_id` int(11) DEFAULT NULL,
  `address` varchar(200) DEFAULT NULL,
  PRIMARY KEY (`id`),
  KEY `customerservice_term_printer_id_7a36a862_fk_customers` (`printer_id`),
  KEY `customerservice_term_school_id_327fdc0e_fk_customers` (`school_id`),
  KEY `customerservice_term_terminial_type_id_335ac47b_fk_customers` (`terminial_type_id`),
  KEY `customerservice_term_wiscard_id_f8eed7b1_fk_customers` (`wiscard_id`),
  CONSTRAINT `customerservice_term_printer_id_7a36a862_fk_customers` FOREIGN KEY (`printer_id`) REFERENCES `customerservice_printer` (`id`),
  CONSTRAINT `customerservice_term_school_id_327fdc0e_fk_customers` FOREIGN KEY (`school_id`) REFERENCES `customerservice_school` (`id`),
  CONSTRAINT `customerservice_term_terminial_type_id_335ac47b_fk_customers` FOREIGN KEY (`terminial_type_id`) REFERENCES `customerservice_terminialtype` (`id`),
  CONSTRAINT `customerservice_term_wiscard_id_f8eed7b1_fk_customers` FOREIGN KEY (`wiscard_id`) REFERENCES `customerservice_wiscard` (`id`)
) ENGINE=InnoDB AUTO_INCREMENT=316 DEFAULT CHARSET=utf8;

/*Data for the table `customerservice_terminial` */

insert  into `customerservice_terminial`(`id`,`terminial_name`,`teamviewerid`,`anydeskid`,`hardware_period`,`contect_person`,`contect_person2`,`remarks`,`printer_id`,`school_id`,`terminial_type_id`,`wiscard_id`,`address`) values 
(16,'服务器','1305292269/nffyxyfwq2018','','2019-11-13','潘老师 QQ：24351142 电话：13206118079 ','','http://113.204.227.17:9091/',NULL,45,NULL,NULL,'113.204.227.17/cntc9286872001'),
(17,'P001','1310341866/cqfyxyzzdy2018','297 113 810/zzdy20120720','2021-11-13','','','向日葵：506 908 474/zzdy\r\nIP:10.3.0.45/24 \r\n网关： 10.3.0.254\r\nDNS: 221.7.92.98\r\n终端编号：ZM-0232412A1316\r\n打印机编号：CN7C8HY0F3',4,45,4,NULL,'渝北校区（老校区）'),
(18,'P002','1092393851/cqfyxyzzdy2018','','2009-09-09','','','IP:10.8.224.122/24 \r\n网关： 10.8.224.254\r\nDNS: 221.7.92.98 \r\n终端编号：ZM-0232412A1317\r\n打印机编号：CN78AGY02J',4,45,4,NULL,'綦江校区（新校区）'),
(19,'服务器','','','2020-12-12','刘晓龙：13983243299 QQ：29997616','','使用360connect工具，输入\r\nv.swu.edu.cn 地址\r\n443 端口登陆后，\r\n用户：root 密码：4rfv^YHN7ujm\r\n可在本地的数据库oracle新建连接\r\n用户名：XNDXZZDY',NULL,344,NULL,NULL,''),
(20,'服务器','222.198.118.190','222.198.118.190','2020-01-09','','','VPN: http://vpn.swu.edu.cn/ \r\n账户：duanyd\r\n密码：yjs68252456\r\n222.198.118.190:40000  \r\n账号：Administrator	         \r\n密码：5tgb*UHB7ygv26 ',NULL,253,NULL,NULL,''),
(21,'服务器','1095593620/zmedu20120720','win-tt9j0ea4kfq@ad/zzdy20120720','2019-12-14','','','向日葵：923 859 054 / zzdy\r\n远程桌面IP	202.202.160.47	\r\n账号	administrator	\r\n密码	sanxiau@jwdy2018\r\n',NULL,174,NULL,NULL,''),
(22,'P001','359985866/zmedu20120720','','2021-12-14','','','',NULL,174,3,NULL,'明辨楼1栋三楼侧门'),
(23,'服务器','','','2021-09-09','','','远程桌面IP	183.64.83.56 	\r\n账号	administrator	\r\n密码	68485860*Taolw!zzdy',NULL,89,NULL,NULL,''),
(24,'P001','','','2009-09-09','','','',4,89,4,NULL,''),
(25,'P002','','','2009-09-09','','','',4,89,4,NULL,''),
(26,'P003','','','2009-09-09','','','',4,89,4,NULL,''),
(27,'P004','','','2009-09-09','','','',4,89,4,NULL,''),
(28,'服务器','1276445241/zzdy20120720','cqu-f155133@ad/zzdy20120720','2009-09-09','','','向日葵：397457492 / zzdy\r\n配置信息：222.198.155.136	\r\n账号	administrator	\r\n密码	drx65678183',NULL,342,NULL,NULL,''),
(29,'P001','10.253.123.3','','2009-09-09','','','向日葵：\\r\\n\\ 打印机序列号：\\r\\n\\ 一卡通配置信息：',NULL,342,NULL,NULL,'综合楼-左'),
(30,'P002','10.253.123.121','','2009-09-09','','','向日葵：\\r\\n\\ 打印机序列号：\\r\\n\\ 一卡通配置信息：',NULL,342,NULL,NULL,'综合楼-中'),
(31,'P003','10.253.123.122','','2009-09-09','','','向日葵：\\r\\n\\ 打印机序列号：\\r\\n\\ 一卡通配置信息：',NULL,342,NULL,NULL,'综合楼-右'),
(32,'P004','172.20.58.199','','2009-09-09','','','向日葵：\\r\\n\\ 打印机序列号：\\r\\n\\ 一卡通配置信息：',NULL,342,NULL,NULL,'A区办公楼'),
(33,'P005','222.198.133.250','','2009-09-09','','','向日葵：\\r\\n\\ 打印机序列号：\\r\\n\\ 一卡通配置信息：',NULL,342,NULL,NULL,'A区8教学楼'),
(34,'P006','222.198.136.11','','2009-09-09','','','向日葵：\\r\\n\\ 打印机序列号：\\r\\n\\ 一卡通配置信息：',NULL,342,NULL,NULL,'B区第二综合楼'),
(35,'服务器','984353810/zzdy20120720','521278296/zzdy20120720','2009-09-09','蒋旭丹13883376576','','向日葵：158816506 / zzdy\r\n服务器ip:202.202.82.101\r\n账号：xzyjsb\r\n密码：a20141031_1',NULL,254,NULL,NULL,''),
(36,'P001','172.16.95.9/zzdy20120720','172.16.95.9/zzdy20120720','2009-09-09','','','172.16.95.9',NULL,254,NULL,NULL,'五教学楼（右）'),
(37,'P002','172.16.95.8/zzdy20120720','172.16.95.8/zzdy20120720','2009-09-09','','','172.16.95.8',NULL,254,NULL,NULL,'五教学楼（左）'),
(38,'服务器','700521250/zmedu20120720','win-197vvuj78tq@ad/zzdy20120720','2009-09-09','','','向日葵：319580551 / zzdy\r\nIP 192.168.9.178/202.202.80.178\r\n用户：administrator  \r\n密码：swupl123+shift456',NULL,343,NULL,NULL,''),
(39,'P001','172.22.177.252','172.22.177.252','2009-09-09','','','172.22.177.252',NULL,343,NULL,NULL,'3教学楼旧（右）P001'),
(40,'P002','172.22.177.251','172.22.177.251','2009-09-09','','','172.22.177.251',NULL,343,NULL,NULL,'3教学楼旧（左）P002'),
(41,'P003','172.22.177.253/zmedu20120720','172.22.177.253/zmedu20120720','2009-09-09','','','172.22.177.253',NULL,343,NULL,NULL,'3教学楼新P003'),
(42,'P004','172.16.89.21/zmedu20120720','172.16.89.21','2009-09-09','','','172.16.89.21',NULL,343,NULL,NULL,'4教学楼新P004'),
(43,'P005','172.16.89.143','172.16.89.143','2009-09-09','','','172.16.89.143',NULL,343,NULL,NULL,'4教学楼新P005'),
(44,'P006','172.16.89.253','172.16.89.253','2009-09-09','','','172.16.89.253',NULL,343,NULL,NULL,'4教学楼新P006'),
(45,'服务器','','','2009-09-09','','','远程桌面IP	222.179.90.230:8445\r\n内网：10.1.0.86	\r\n账号	administrator	\r\n密码	cqucc@zzdy2017\r\n账号：Administrator    密码：HongshiZhengmai\r\nTM 12版本：557 627 982 密码：zmzzdy\r\nIP：10.1.0.25 61.128.128.68',NULL,242,NULL,NULL,''),
(46,'P001','10.2.34.55/zzdy20120720','user-20161008fd@ad/zmedu20120720','2009-09-09','','','向日葵：\\r\\n\\ 打印机序列号：\\r\\n\\ 一卡通配置信息：',NULL,242,NULL,NULL,''),
(47,'P002','10.2.34.56/zzdy20120720','','2009-09-09','','','向日葵：\\r\\n\\ 打印机序列号：\\r\\n\\ 一卡通配置信息：',NULL,242,NULL,NULL,''),
(48,'服务器','','','2009-09-09','','','向日葵：\\r\\n\\ 打印机序列号：\\r\\n\\ 一卡通配置信息：',NULL,341,NULL,NULL,''),
(49,'P001','','','2009-09-09','','','向日葵：\\r\\n\\ 打印机序列号：\\r\\n\\ 一卡通配置信息：',NULL,341,NULL,NULL,''),
(50,'P002','','','2009-09-09','','','向日葵：\\r\\n\\ 打印机序列号：\\r\\n\\ 一卡通配置信息：',NULL,341,NULL,NULL,''),
(51,'P003','','','2009-09-09','','','向日葵：\\r\\n\\ 打印机序列号：\\r\\n\\ 一卡通配置信息：',NULL,341,NULL,NULL,''),
(52,'P004','','','2009-09-09','','','向日葵：\\r\\n\\ 打印机序列号：\\r\\n\\ 一卡通配置信息：',NULL,341,NULL,NULL,''),
(53,'P005','','','2009-09-09','','','向日葵：\\r\\n\\ 打印机序列号：\\r\\n\\ 一卡通配置信息：',NULL,341,NULL,NULL,''),
(54,'服务器','','','2009-09-09','','','向日葵：\\r\\n\\ 打印机序列号：\\r\\n\\ 一卡通配置信息：',NULL,289,NULL,NULL,''),
(55,'P001','','','2009-09-09','','','向日葵：\\r\\n\\ 打印机序列号：\\r\\n\\ 一卡通配置信息：',NULL,289,NULL,NULL,''),
(56,'P002','','','2009-09-09','','','向日葵：\\r\\n\\ 打印机序列号：\\r\\n\\ 一卡通配置信息：',NULL,289,NULL,NULL,''),
(57,'P003','','','2009-09-09','','','向日葵：\\r\\n\\ 打印机序列号：\\r\\n\\ 一卡通配置信息：',NULL,289,NULL,NULL,''),
(58,'P004','','','2009-09-09','','','向日葵：\\r\\n\\ 打印机序列号：\\r\\n\\ 一卡通配置信息：',NULL,289,NULL,NULL,''),
(59,'服务器','','','2009-09-09','','','向日葵：\\r\\n\\ 打印机序列号：\\r\\n\\ 一卡通配置信息：',NULL,339,NULL,NULL,''),
(60,'P001','','','2009-09-09','','','向日葵：\\r\\n\\ 打印机序列号：\\r\\n\\ 一卡通配置信息：',NULL,339,NULL,NULL,''),
(61,'P002','','','2009-09-09','','','向日葵：\\r\\n\\ 打印机序列号：\\r\\n\\ 一卡通配置信息：',NULL,339,NULL,NULL,''),
(62,'P003','','','2009-09-09','','','向日葵：\\r\\n\\ 打印机序列号：\\r\\n\\ 一卡通配置信息：',NULL,339,NULL,NULL,''),
(63,'P004','','','2009-09-09','','','向日葵：\\r\\n\\ 打印机序列号：\\r\\n\\ 一卡通配置信息：',NULL,339,NULL,NULL,''),
(64,'P005','','','2009-09-09','','','向日葵：\\r\\n\\ 打印机序列号：\\r\\n\\ 一卡通配置信息：',NULL,339,NULL,NULL,''),
(65,'P006','','','2009-09-09','','','向日葵：\\r\\n\\ 打印机序列号：\\r\\n\\ 一卡通配置信息：',NULL,339,NULL,NULL,''),
(66,'服务器','','','2009-09-09','','','向日葵：\\r\\n\\ 打印机序列号：\\r\\n\\ 一卡通配置信息：',NULL,138,NULL,NULL,''),
(67,'P001','','','2009-09-09','','','向日葵：\\r\\n\\ 打印机序列号：\\r\\n\\ 一卡通配置信息：',NULL,138,NULL,NULL,''),
(68,'P002','','','2009-09-09','','','向日葵：\\r\\n\\ 打印机序列号：\\r\\n\\ 一卡通配置信息：',NULL,138,NULL,NULL,''),
(69,'P003','','','2009-09-09','','','向日葵：\\r\\n\\ 打印机序列号：\\r\\n\\ 一卡通配置信息：',NULL,138,NULL,NULL,''),
(70,'服务器','','','2009-09-09','','','向日葵：\\r\\n\\ 打印机序列号：\\r\\n\\ 一卡通配置信息：',NULL,340,NULL,NULL,''),
(71,'P001','','','2009-09-09','','','向日葵：\\r\\n\\ 打印机序列号：\\r\\n\\ 一卡通配置信息：',NULL,340,NULL,NULL,''),
(72,'服务器','','','2009-09-09','','','VPN连接方式（操作说明IP地址）	https://61.128.176.7:4433\r\nVPN帐号	Zmjy\r\nzhengmai\r\n20060050	\r\nVPN密码	zm123\r\nzhengmai123456\r\nzzdy080010\r\n远程桌面IP	210.41.35.68	\r\n账号	administrator\r\n密码	zzdy@2019',NULL,425,NULL,NULL,''),
(73,'P001','10.88.3.89','10.88.3.89','2009-09-09','','','IP:10.88.3.89\r\n打印机序列号	    JPCKLCL6ND\r\n主机序号	S22019051615\r\n显示屏	上：AOC MKSICJA000087 3B  下：AOC LSPK1JA000191 4P\r\n终端机编号	ZM-0232412A1552',NULL,425,NULL,NULL,'信息服务大厅'),
(74,'P002','172.17.183.218','172.17.183.218','2009-09-09','','','IP:172.17.183.218\r\n打印机序列号	JPCKLCL6XC\r\n主机序号	S22019051615\r\n终端机编号	ZM-0232412A1551\r\n显示屏	上：AOS NCXK3JA005178 TJ 下：AOS LSPK1JA000123 WB',8,425,4,NULL,'宿舍8号楼学生社区服务中心大厅'),
(75,'服务器','','win-ci4osbvkmb0@ad/edu_tech@czq2017','2022-09-09','','','先远程IP:222.180.192.227:22406\r\n账号：jwc2\r\n密码：scfai+65921040\r\nhttp://sec.scfai.edu.cn/auth_local_login\r\n用户名：jiaowuchu\r\n密码：scfai+65921044',NULL,269,NULL,NULL,''),
(76,'P001','','','2022-09-09','','','向日葵：\\r\\n\\ 打印机序列号：\\r\\n\\ 一卡通配置信息：',NULL,269,NULL,NULL,''),
(77,'P002','','','2022-09-09','','','向日葵：\\r\\n\\ 打印机序列号：\\r\\n\\ 一卡通配置信息：',NULL,269,NULL,NULL,''),
(78,'P001','10.12.78.177','10.12.78.177','2009-09-09','','','向日葵：\\r\\n\\ 打印机序列号：\\r\\n\\ 一卡通配置信息：',NULL,344,NULL,NULL,'南区行政楼左1'),
(79,'P002','172.19.64.8','172.19.64.8','2009-09-09','','','向日葵：\\r\\n\\ 打印机序列号：\\r\\n\\ 一卡通配置信息：',NULL,344,NULL,NULL,'北区1号机'),
(80,'P003','10.12.78.178','10.12.78.178','2009-09-09','','','向日葵：\\r\\n\\ 打印机序列号：\\r\\n\\ 一卡通配置信息：',NULL,344,NULL,NULL,'南区行政楼左2'),
(81,'P004','172.19.64.9','172.19.64.9','2009-09-09','','','向日葵：\\r\\n\\ 打印机序列号：\\r\\n\\ 一卡通配置信息：',NULL,344,NULL,NULL,'北区2号机'),
(82,'P001','10.12.71.16/zzdy20120720','10.12.71.16','2020-09-09','','','PHBXJ7MCM6',2,253,3,NULL,'研究生办公楼（右）'),
(83,'P002','10.12.71.17/zzdy20120720','10.12.71.17','2009-09-09','','','',NULL,253,NULL,NULL,'研究生办公楼(左)'),
(84,'P003','10.124.103.200/xndxyjs20120720ZM','10.124.103.200','2009-09-09','','','向日葵：\\r\\n\\ 打印机序列号：\\r\\n\\ 一卡通配置信息：',NULL,253,NULL,NULL,'中心图书馆负1楼(右)'),
(85,'P004','10.124.251.124/xndxyjs20120720ZM','10.124.251.124','2009-09-09','','','向日葵：\\r\\n\\ 打印机序列号：\\r\\n\\ 一卡通配置信息：',NULL,253,NULL,NULL,'中心图书馆负1楼(左)'),
(86,'P005','172.19.64.10','172.19.64.10','2009-09-09','','','向日葵：\\r\\n\\ 打印机序列号：\\r\\n\\ 一卡通配置信息：',NULL,344,NULL,NULL,'北区3号机'),
(87,'P006','10.12.78.102','10.12.78.102','2009-09-09','','','向日葵：\\r\\n\\ 打印机序列号：\\r\\n\\ 一卡通配置信息：',NULL,344,NULL,NULL,'南区行政楼左3'),
(88,'P007','10.128.1.208','10.128.1.208','2009-09-09','','','向日葵：\\r\\n\\ 打印机序列号：\\r\\n\\ 一卡通配置信息：',NULL,198,NULL,NULL,'西南大学荣昌校区'),
(89,'服务器','161870513/','','2009-09-09','','','向日葵：\\r\\n\\ 打印机序列号：\\r\\n\\ 一卡通配置信息：',NULL,298,NULL,NULL,''),
(90,'P001','','','2009-09-09','','','向日葵：\\r\\n\\ 打印机序列号：\\r\\n\\ 一卡通配置信息：',3,298,3,NULL,'图'),
(91,'P002','','','2009-09-09','','','向日葵：\\r\\n\\ 打印机序列号：\\r\\n\\ 一卡通配置信息：',NULL,298,NULL,NULL,''),
(92,'P003','','','2009-09-09','','','向日葵：\\r\\n\\ 打印机序列号：\\r\\n\\ 一卡通配置信息：',NULL,298,NULL,NULL,''),
(93,'P004','','','2009-09-09','','','向日葵：\\r\\n\\ 打印机序列号：\\r\\n\\ 一卡通配置信息：',NULL,298,NULL,NULL,''),
(94,'P005','','','2009-09-09','','','向日葵：\\r\\n\\ 打印机序列号：\\r\\n\\ 一卡通配置信息：',NULL,298,NULL,NULL,''),
(95,'P006','','','2009-09-09','','','向日葵：\\r\\n\\ 打印机序列号：\\r\\n\\ 一卡通配置信息：',NULL,298,NULL,NULL,''),
(96,'服务器','1099865630/zmedu20120720','152882131/zmzzdy20120720','2009-09-09','','','向日葵：791 457 941 / zzdy\r\n远程桌面202.115.177.14\r\n用户administrator \r\n密码scnd_zzdyxtp@ssw0rd',NULL,317,NULL,NULL,''),
(97,'P001','202.115.177.47','','2009-09-09','','','向日葵：\\r\\n\\ 打印机序列号：\\r\\n\\ 一卡通配置信息：',NULL,317,NULL,NULL,'四川农业大学雅安校区综合楼'),
(98,'P002','10.128.42.110','','2009-09-09','','','向日葵：\\r\\n\\ 打印机序列号：\\r\\n\\ 一卡通配置信息：',NULL,317,NULL,NULL,'川农成都校区教务管理中心'),
(99,'P003','10.68.25.5','','2009-09-09','','','向日葵：\\r\\n\\ 打印机序列号：\\r\\n\\ 一卡通配置信息：',NULL,317,NULL,NULL,'川农都江堰校区教务管理中心'),
(100,'服务器','','','2009-09-09','','','向日葵：\\r\\n\\ 打印机序列号：\\r\\n\\ 一卡通配置信息：',NULL,2,NULL,NULL,''),
(101,'P001','','','2009-09-09','','','向日葵：\\r\\n\\ 打印机序列号：\\r\\n\\ 一卡通配置信息：',NULL,2,NULL,NULL,''),
(102,'服务器','','','2009-09-09','','','远程桌面IP	外网：222.209.200.214:8009\r\n内网：172.16.10.109:8009	账号	cjsm	密码	初始密码：123456Abc\r\nZZDY@sclvxy2017',NULL,260,NULL,NULL,''),
(103,'P001','172.16.1.98','','2009-09-09','','','IP：172.16.1.98\r\n子网掩码：255.255.255.192\r\n默认网关：172.16.1.126\r\nDNS：172.16.10.20\r\nDNS：61.139.2.69',NULL,260,NULL,NULL,'教学楼C座一楼大厅左（靠近走道）'),
(104,'P002','172.16.1.99','','2009-09-09','','','IP：172.16.1.99\r\n子网掩码：255.255.255.192\r\n默认网关：172.16.1.126\r\nDNS：172.16.10.20\r\nDNS：61.139.2.69',NULL,260,NULL,NULL,'教学楼C座一楼大厅中间'),
(105,'P003','172.16.1.101','','2009-09-09','','','IP：172.16.1.101\r\n子网掩码：255.255.255.192\r\n默认网关：172.16.1.126\r\nDNS：172.16.10.20\r\nDNS：61.139.2.69',NULL,260,NULL,NULL,'教学楼C座一楼大厅右'),
(106,'P004','172.16.8.67','','2009-09-09','','','IP：172.16.8.67\r\n子网掩码：255.255.255.0\r\n默认网关：172.16.8.254\r\nDNS：172.16.10.20\r\nDNS：61.139.2.69',NULL,260,NULL,NULL,'学生服务中心'),
(107,'P005','192.168.2.214','','2009-09-09','','','IP：192.168.2.214\r\n子网掩码：255.255.255.0\r\n默认网关：192.168.2.254\r\nDNS：172.16.10.17',NULL,260,NULL,NULL,'图书馆正门大厅（二楼）'),
(108,'服务器','917765116/edu_tech@czq2017','','2009-09-09','','','VPN连接方式（操作说明IP地址）	用PPTP方式   IP：202.98.109.185 \r\nVPN帐号	zzdy	VPN密码	scunnic\r\n远程桌面IP	10.15.0.50:8139	账号	zzdyadmin	密码	edu_scmz@czq2017\r\nTeamviewer ID	917765116	密码	edu_tech@czq2017',NULL,190,NULL,NULL,''),
(109,'P001','10.15.2.204','','2009-09-09','','','10.15.2.204',NULL,190,NULL,NULL,'A校区食堂'),
(110,'P002','10.15.3.204','','2009-09-09','','','10.15.3.204',NULL,190,NULL,NULL,'B校区食堂'),
(111,'服务器','','347658772/zzdy20120720','2009-09-09','','','远程桌面IP	10.48.11.1 \r\n账号	administrator  	\r\n密码	wwqLR625 \r\njc*&DhKc828',NULL,121,NULL,NULL,''),
(112,'P001','','','2009-09-09','','','向日葵：\\r\\n\\ 打印机序列号：\\r\\n\\ 一卡通配置信息：',NULL,121,NULL,NULL,''),
(113,'P002','','','2009-09-09','','','向日葵：\\r\\n\\ 打印机序列号：\\r\\n\\ 一卡通配置信息：',NULL,121,NULL,NULL,''),
(114,'P003','','','2009-09-09','','','向日葵：\\r\\n\\ 打印机序列号：\\r\\n\\ 一卡通配置信息：',NULL,121,NULL,NULL,''),
(115,'P004','','','2009-09-09','','','向日葵：\\r\\n\\ 打印机序列号：\\r\\n\\ 一卡通配置信息：',NULL,121,NULL,NULL,''),
(116,'服务器','1 218 267 017/zzdy20120720','663751753/zzdy20120720','2009-09-09','','','向日葵：833999293  / zzdy\r\nVPN连接方式（操作说明IP地址）	https://61.139.100.166\r\nVPN帐号	jwljg	VPN密码	5505835\r\n远程桌面IP	219.221.176.111	账号	administrator	密码	13990005035',NULL,105,NULL,NULL,''),
(117,'P001','1 212 698 115/zmedu20120720','102385033/zzdy20120720','2009-09-09','','','PHCKLC89BJ\r\n向日葵：917960473/zzdy\r\n172.16.200.41',2,105,3,NULL,'自贡校区'),
(118,'P002','172.23.241.5','','2009-09-09','','','172.23.241.5',2,105,3,NULL,'宜宾校区'),
(119,'服务器','285060968/zzdy20120720','win-rmq699srb2k@ad/zzdy20120720','2009-09-09','','','向日葵：906696833 zzdy\r\n远程桌面IP	222.197.129.70	账号	administrator	密码	jwc_12345689',NULL,271,NULL,NULL,''),
(120,'P001','10.202.1.43','','2009-09-09','','','向日葵：\\r\\n\\ 打印机序列号：\\r\\n\\ 一卡通配置信息：',NULL,271,NULL,NULL,'新都校区图书馆左'),
(121,'P002','10.202.1.44','','2009-09-09','','','向日葵：\\r\\n\\ 打印机序列号：\\r\\n\\ 一卡通配置信息：',NULL,271,NULL,NULL,'新都校区图书馆右'),
(122,'P003','10.202.0.253','','2009-09-09','','','向日葵：\\r\\n\\ 打印机序列号：\\r\\n\\ 一卡通配置信息：',NULL,271,NULL,NULL,'新都校区学生事务中心'),
(123,'P004','10.20.9.3','','2009-09-09','','','向日葵：\\r\\n\\ 打印机序列号：\\r\\n\\ 一卡通配置信息：',NULL,271,NULL,NULL,'天回校区'),
(124,'服务器','1 215 887 016/zzdy20120720','965467788/zzdy20120720','2009-09-09','','','向日葵：586 777 943 zzdy\r\n远程桌面IP：202.115.86.237\r\n远程用户：administrator\r\n远程密码：cdu9.30',NULL,360,NULL,NULL,''),
(125,'P001','','','2009-09-09','','','向日葵：\\r\\n\\ 打印机序列号：\\r\\n\\ 一卡通配置信息：',NULL,360,NULL,NULL,'学生事务服务大厅A'),
(126,'P002','','','2009-09-09','','','向日葵：\\r\\n\\ 打印机序列号：\\r\\n\\ 一卡通配置信息：',NULL,360,NULL,NULL,'学生事务服务大厅B'),
(127,'服务器','1057697252/zmedu20120720','win-popjqbri0v6@ad','2009-09-09','','','向日葵：344938312 zzdy\r\n远程桌面IP	172.16.5.121	账号	administrator	密码	jwc@123456',NULL,78,NULL,NULL,''),
(128,'P001','172.20.22.19','','2021-10-12','','','向日葵：\\r\\n\\ 打印机序列号：\\r\\n\\ 一卡通配置信息：',NULL,78,NULL,NULL,'青羊校区第二教学楼'),
(129,'P002','172.18.43.90','','2021-10-12','','','向日葵：\\r\\n\\ 打印机序列号：\\r\\n\\ 一卡通配置信息：',NULL,78,2,NULL,'花源校区'),
(130,'服务器','','766187572/zzdy20120720','2009-09-09','','','向日葵159203970 密码zzdy\r\n远程桌面IP	222.197.165.131:12289	账号	administrator	密码	yc1234560@',NULL,70,NULL,NULL,''),
(131,'P001','121.48.162.155','cwtech-pc-19@ad/zzdy20120720','2009-09-09','','','121.48.162.155\r\n向日葵：110453064  zzdy',NULL,70,NULL,NULL,''),
(132,'服务器','','win-i2rd6h4mv3k-1@ad/zzdy20120720','2009-09-09','','','向日葵：998714998 zzdy\r\n远程IP：211.87.177.31/（211.87.178.248  7ug33u）\r\n远程用户：administrator\r\n远程密码：zmedu@upc1508',NULL,366,NULL,NULL,''),
(133,'P001','','471705215/zzdy20120720','2009-09-09','','','向日葵：\\r\\n\\ 打印机序列号：\\r\\n\\ 一卡通配置信息：',NULL,366,NULL,NULL,'南教楼-左'),
(134,'P002','','dadi--20150@ad/zzdy20120720','2009-09-09','','','向日葵：\\r\\n\\ 打印机序列号：\\r\\n\\ 一卡通配置信息：',NULL,366,NULL,NULL,'南教楼中'),
(135,'P003','','672564919/zzdy20120720','2009-09-09','','','向日葵：\\r\\n\\ 打印机序列号：\\r\\n\\ 一卡通配置信息：',NULL,366,NULL,NULL,'南教楼右'),
(136,'P006','','','2009-09-09','','','向日葵：\\r\\n\\ 打印机序列号：\\r\\n\\ 一卡通配置信息：',NULL,366,NULL,NULL,'讲堂群南堂一楼大厅左'),
(137,'P007','','','2009-09-09','','','向日葵：\\r\\n\\ 打印机序列号：\\r\\n\\ 一卡通配置信息：',NULL,366,NULL,NULL,'讲堂群南堂一楼大厅右'),
(138,'P008','','','2009-09-09','','','向日葵：\\r\\n\\ 打印机序列号：\\r\\n\\ 一卡通配置信息：',NULL,366,NULL,NULL,'讲堂群北堂一楼大厅西侧'),
(139,'服务器','122409924/zzdy20120720','win-i2rd6h4mv3k@ad /zzdy20120720','2009-09-09','','','向日葵：433835488 dag123\r\n远程桌面IP	211.87.178.248	账号	danganguan	密码	Dag178@upc.edu.cn!',NULL,266,NULL,NULL,''),
(140,'P001','','','2009-09-09','','','向日葵：\\r\\n\\ 打印机序列号：\\r\\n\\ 一卡通配置信息：',NULL,266,NULL,NULL,'档案馆左'),
(141,'P002','','','2009-09-09','','','向日葵：\\r\\n\\ 打印机序列号：\\r\\n\\ 一卡通配置信息：',NULL,266,NULL,NULL,'档案馆右'),
(142,'服务器','','','2009-09-09','','','远程桌面IP	222.197.183.142:12289 	\r\n账号	administrator	\r\n密码	dzkd2015',NULL,22,NULL,NULL,''),
(143,'备份服务器','1 334 013 655/zzdy20120720  ','jiaowu-7@ad/zzdy20120720','2009-09-09','','','222.197.183.158:12289 administrator yyh1234560@\r\n向日葵 523 886 587 zzdy',NULL,22,NULL,NULL,''),
(144,'P001','10.20.24.6','','2009-09-09','','','向日葵：\\r\\n\\ 打印机序列号：\\r\\n\\ 一卡通配置信息：',NULL,22,NULL,NULL,'主楼2楼No.1'),
(145,'P002','10.20.24.5','','2009-09-09','','','向日葵：\\r\\n\\ 打印机序列号：\\r\\n\\ 一卡通配置信息：',NULL,22,NULL,NULL,'主楼2楼No.2'),
(146,'P003','10.20.24.7','','2009-09-09','','','向日葵：\\r\\n\\ 打印机序列号：\\r\\n\\ 一卡通配置信息：',NULL,22,NULL,NULL,'主楼1楼No.1'),
(147,'P004','','','2009-09-09','','','向日葵：\\r\\n\\ 打印机序列号：\\r\\n\\ 一卡通配置信息：',NULL,22,NULL,NULL,''),
(148,'P005','','','2009-09-09','','','向日葵：\\r\\n\\ 打印机序列号：\\r\\n\\ 一卡通配置信息：',NULL,22,NULL,NULL,''),
(149,'P006','','','2009-09-09','','','向日葵：\\r\\n\\ 打印机序列号：\\r\\n\\ 一卡通配置信息：',NULL,22,NULL,NULL,''),
(150,'P007','','','2009-09-09','','','向日葵：\\r\\n\\ 打印机序列号：\\r\\n\\ 一卡通配置信息：',NULL,22,NULL,NULL,''),
(151,'P008','','','2009-09-09','','','向日葵：\\r\\n\\ 打印机序列号：\\r\\n\\ 一卡通配置信息：',NULL,22,NULL,NULL,''),
(152,'P009','','','2009-09-09','','','向日葵：\\r\\n\\ 打印机序列号：\\r\\n\\ 一卡通配置信息：',NULL,22,NULL,NULL,''),
(153,'P010','','','2009-09-09','','','向日葵：\\r\\n\\ 打印机序列号：\\r\\n\\ 一卡通配置信息：',NULL,22,NULL,NULL,''),
(154,'P011','','','2009-09-09','','','向日葵：\\r\\n\\ 打印机序列号：\\r\\n\\ 一卡通配置信息：',NULL,22,NULL,NULL,''),
(155,'P012','','','2009-09-09','','','向日葵：\\r\\n\\ 打印机序列号：\\r\\n\\ 一卡通配置信息：',NULL,22,NULL,NULL,''),
(156,'P013','','','2009-09-09','','','向日葵：\\r\\n\\ 打印机序列号：\\r\\n\\ 一卡通配置信息：',NULL,22,NULL,NULL,''),
(157,'P014','','','2009-09-09','','','向日葵：\\r\\n\\ 打印机序列号：\\r\\n\\ 一卡通配置信息：',NULL,22,NULL,NULL,''),
(158,'P015','','','2009-09-09','','','向日葵：\\r\\n\\ 打印机序列号：\\r\\n\\ 一卡通配置信息：',NULL,22,NULL,NULL,''),
(159,'P016','','','2009-09-09','','','向日葵：\\r\\n\\ 打印机序列号：\\r\\n\\ 一卡通配置信息：',NULL,22,NULL,NULL,''),
(160,'P017','','','2009-09-09','','','向日葵：\\r\\n\\ 打印机序列号：\\r\\n\\ 一卡通配置信息：',NULL,22,NULL,NULL,''),
(161,'服务器','','','2009-09-09','','','远程桌面IP：222.197.182.11:12289\r\n远程用户：Administrator\r\n远程密码：jc1234560@',NULL,290,NULL,NULL,''),
(162,'P001','10.20.24.9','','2009-09-09','','','向日葵：\\r\\n\\ 打印机序列号：\\r\\n\\ 一卡通配置信息：',NULL,290,NULL,NULL,'清水河校区主楼四楼(右)'),
(163,'P002','10.20.25.202','','2009-09-09','','','向日葵：\\r\\n\\ 打印机序列号：\\r\\n\\ 一卡通配置信息：',NULL,290,NULL,NULL,'清水河校区立人楼A区1楼大厅'),
(164,'P003','10.10.10.36','','2009-09-09','','','向日葵：\\r\\n\\ 打印机序列号：\\r\\n\\ 一卡通配置信息：',NULL,290,NULL,NULL,'沙河校区主楼1楼大厅'),
(165,'P004','10.20.24.8','','2009-09-09','','','向日葵：\\r\\n\\ 打印机序列号：\\r\\n\\ 一卡通配置信息：',NULL,290,NULL,NULL,'清水河主楼1F一站式服务大厅新终端'),
(166,'P005','10.20.25.201','','2009-09-09','','','向日葵：\\r\\n\\ 打印机序列号：\\r\\n\\ 一卡通配置信息：',NULL,290,NULL,NULL,'清水河立人楼新终端'),
(167,'P006','10.10.10.37','','2009-09-09','','','向日葵：\\r\\n\\ 打印机序列号：\\r\\n\\ 一卡通配置信息：',NULL,290,NULL,NULL,'沙河校区主楼1楼大厅新终端'),
(168,'P007','10.20.26.6','','2009-09-09','','','向日葵：\\r\\n\\ 打印机序列号：\\r\\n\\ 一卡通配置信息：',NULL,290,NULL,NULL,'清水河研究生院4F左'),
(169,'P008','10.20.26.7','','2009-09-09','','','向日葵：\\r\\n\\ 打印机序列号：\\r\\n\\ 一卡通配置信息：',NULL,290,NULL,NULL,'清水河研究生院1F一站式大厅右'),
(170,'服务器','','589911464/zzdy20120720','2009-09-09','','','远程桌面IP	222.197.182.6:12289	账号	Administrator	密码	zx1234560@',NULL,201,NULL,NULL,''),
(171,'P001','589911464/zmedu20120720','','2009-09-09','','','终端机编码     正脉ZM-86D 1512A0252\r\n打印机	  PHB8K3H3R\r\n',2,201,3,NULL,'清水河校区宿管中心左'),
(172,'P002','590685087/zmedu20120720','','2009-09-09','','','向日葵：\\r\\n\\ 打印机序列号：\\r\\n\\ 一卡通配置信息：',NULL,201,NULL,NULL,'清水河校区宿管中心右'),
(173,'P003','10.20.224.17','','2009-09-09','','','向日葵：\\r\\n\\ 打印机序列号：\\r\\n\\ 一卡通配置信息：',NULL,201,NULL,NULL,'清水河校区主楼左'),
(174,'P004','10.20.224.18','','2009-09-09','','','向日葵：\\r\\n\\ 打印机序列号：\\r\\n\\ 一卡通配置信息：',NULL,201,NULL,NULL,'清水河校区主楼右'),
(175,'P005','604073614/zmedu20120720','user-20161008fd-79@ad/zzdy20120720','2009-09-09','','','向日葵：\\r\\n\\ 打印机序列号：\\r\\n\\ 一卡通配置信息：',NULL,201,NULL,NULL,'沙河校区主楼一楼大厅'),
(176,'服务器','416635549/edu_tech@czq2017','win-88rcqlavoo4@ad/edu_tech@czq2017','2009-09-09','','','VPN连接方式（操作说明IP地址）	https://vpn.xhu.edu.cn\r\nVPN帐号	zmjyjs	VPN密码	zmjy157.142\r\n远程桌面IP	202.115.157.142	账号	xhu_jwc	密码	zizhudayin157.142',NULL,169,NULL,NULL,''),
(177,'P001','','','2009-09-09','','','向日葵：\\r\\n\\ 打印机序列号：\\r\\n\\ 一卡通配置信息：',NULL,169,NULL,NULL,''),
(178,'P002','','','2009-09-09','','','向日葵：\\r\\n\\ 打印机序列号：\\r\\n\\ 一卡通配置信息：',NULL,169,NULL,NULL,''),
(179,'服务器','','','2009-09-09','','','远程桌面IP	211.83.55.235	账号	administrator	密码	jwc@126.com',NULL,103,NULL,NULL,''),
(180,'P001','10.107.11.151/XNYKDXZZDY','','2009-09-09','','','向日葵：\\r\\n\\ 打印机序列号：\\r\\n\\ 一卡通配置信息：',NULL,103,NULL,NULL,'城北校区德城楼123办公室'),
(181,'服务器','','','2009-09-09','','','向日葵：\\r\\n\\ 打印机序列号：\\r\\n\\ 一卡通配置信息：',NULL,215,NULL,NULL,''),
(182,'P001','','','2009-09-09','','','向日葵：\\r\\n\\ 打印机序列号：\\r\\n\\ 一卡通配置信息：',NULL,215,NULL,NULL,''),
(183,'P002','','','2009-09-09','','','向日葵：\\r\\n\\ 打印机序列号：\\r\\n\\ 一卡通配置信息：',NULL,215,NULL,NULL,''),
(184,'服务器','615539128/zmzzdy20120720','586602769/zzdy20120720','2009-09-09','','','向日葵：915 844 449 zzdy\r\nVPN连接方式（操作说明IP地址）	http://info.swufe.edu.cn/vpn/openvpn \r\nVPN帐号	jwc_1	VPN密码	qweR567\r\n远程桌面IP	10.9.10.202	账号	Administrator	密码	1qazXSW@',NULL,361,NULL,NULL,''),
(185,'P001','106679083/zzdy20120720','','2009-09-09','','','向日葵：\\r\\n\\ 打印机序列号：\\r\\n\\ 一卡通配置信息：',NULL,361,NULL,NULL,'经世楼1楼（右）'),
(186,'P002','106984738/zzdy20120720','','2009-09-09','','','向日葵：\\r\\n\\ 打印机序列号：\\r\\n\\ 一卡通配置信息：',NULL,361,NULL,NULL,'经世楼1楼（左）'),
(187,'P003','228072094/zzdy20120720','','2009-09-09','','','向日葵：\\r\\n\\ 打印机序列号：\\r\\n\\ 一卡通配置信息：',NULL,361,NULL,NULL,'经世楼1楼(新)'),
(188,'P004','','','2009-09-09','','','向日葵：\\r\\n\\ 打印机序列号：\\r\\n\\ 一卡通配置信息：',NULL,361,NULL,NULL,''),
(189,'P005','','','2009-09-09','','','向日葵：\\r\\n\\ 打印机序列号：\\r\\n\\ 一卡通配置信息：',NULL,361,NULL,NULL,''),
(190,'服务器','1 118 812 253/ZMEDUxcxy2018','win-6s700m4r8hb@ad/zzdy20120720','2009-09-09','','','远程桌面IP	172.18.12.43	账号	administrator	密码	XccNwc911',NULL,35,NULL,NULL,''),
(191,'P001','172.21.72.130/zmedu20120720','','2009-09-09','','','终端机编码	正脉ZM-86D/B	0232412A1423\r\n打印机	惠普M506n	PHCKLC89PN\r\n',NULL,35,NULL,NULL,'北校区教务处'),
(192,'P002','172.27.0.130/zmedu20120720','','2009-09-09','','','终端机编码	正脉ZM-66D/B	0232412A1005\r\n打印机	惠普M506n	PHCKL9DGWJ\r\n',NULL,35,NULL,NULL,'南校区教学楼'),
(193,'服务器','','','2009-09-09','','','向日葵：\\r\\n\\ 打印机序列号：\\r\\n\\ 一卡通配置信息：',NULL,23,NULL,NULL,''),
(194,'P001','','','2009-09-09','','','向日葵：\\r\\n\\ 打印机序列号：\\r\\n\\ 一卡通配置信息：',NULL,23,NULL,NULL,''),
(195,'P002','','','2009-09-09','','','向日葵：\\r\\n\\ 打印机序列号：\\r\\n\\ 一卡通配置信息：',NULL,23,NULL,NULL,''),
(196,'服务器','366734476/zmedu20120720','','2009-09-09','','','远程桌面IP	 211.64.240.201	账号	Cai 	密码	xiangshang1223！',NULL,148,NULL,NULL,''),
(197,'P001','318777823/zmedu20120720','','2009-09-09','','','向日葵：\\r\\n\\ 打印机序列号：\\r\\n\\ 一卡通配置信息：',NULL,148,NULL,NULL,'图书馆'),
(198,'P002','379978544/zmedu20120720','','2009-09-09','','','向日葵：\\r\\n\\ 打印机序列号：\\r\\n\\ 一卡通配置信息：',NULL,148,NULL,NULL,'服务大厅'),
(199,'服务器','415 499 236/zzdy20120720','894060917/zzdy20120720','2009-09-09','','','向日葵：228165738 zzdy\r\nVPN连接方式（操作说明IP地址）	https://221.2.159.209\r\nVPN帐号	zmjy	VPN密码	VMkhfwQ32#\r\n远程桌面IP	内网地址： 172.16.9.48\r\n外网地址： 221.2.159.201	账号	wangluozhongxin	密码	VMkhfwQ32#',NULL,311,NULL,NULL,''),
(200,'P001','172.17.193.35','','2009-09-09','','','IP地址：172.17.193.35\r\n掩码：255.255.255.0\r\n网关：172.17.193.1\r\nDNS：202.102.152.3',NULL,311,NULL,NULL,'行政楼3楼'),
(201,'P002','','','2009-09-09','','','向日葵：\\r\\n\\ 打印机序列号：\\r\\n\\ 一卡通配置信息：',NULL,311,NULL,NULL,'图书馆2楼'),
(202,'P003','172.17.64.190','','2009-09-09','','','向日葵：\\r\\n\\ 打印机序列号：\\r\\n\\ 一卡通配置信息：',NULL,311,NULL,NULL,'综合楼1楼'),
(203,'服务器','1 137 176 974/zzdy20120720','537209691/zzdy20120720','2009-09-09','','','向日葵：634617004 zzdy\r\n远程桌面IP	172.27.201.79	账号	administrator 	密码	Wlzx!23',NULL,248,NULL,NULL,''),
(204,'P001','1134879395/zzdy20120720','','2009-09-09','','','向日葵：\\r\\n\\ 打印机序列号：\\r\\n\\ 一卡通配置信息：',NULL,248,NULL,NULL,'长清行政楼'),
(205,'P002','1 365 380 486/zzdy20120720','','2009-09-09','','','向日葵：\\r\\n\\ 打印机序列号：\\r\\n\\ 一卡通配置信息：',NULL,248,NULL,NULL,'长清1号教学楼'),
(206,'P003','1144607952/zzdy20120720','','2009-09-09','','','向日葵：\\r\\n\\ 打印机序列号：\\r\\n\\ 一卡通配置信息：',NULL,248,NULL,NULL,'老校区'),
(207,'服务器','1 074 580 826/zzdy20120720','148775015/zzdy20120720','2009-09-09','','','VPN连接方式（操作说明IP地址）	https://210.44.144.220\r\nVPN帐号	chengjidayin	VPN密码	luA2Y651\r\n远程桌面IP	210.44.159.120	账号	Administrator	密码	Zmzzdy@2017',NULL,307,NULL,NULL,''),
(208,'P001','251754539/zzdy20120720','803157682/zzdy20120720','2009-09-09','','','向日葵：\\r\\n\\ 打印机序列号：\\r\\n\\ 一卡通配置信息：',NULL,307,NULL,NULL,'文科楼'),
(209,'P002','245930936/zzdy20120720','829962118/zzdy20120720','2009-09-09','','','向日葵：\\r\\n\\ 打印机序列号：\\r\\n\\ 一卡通配置信息：',NULL,307,NULL,NULL,'长清校区图书馆'),
(211,'P001','706284935/zzdy20120720','','2009-09-09','','','向日葵：\\r\\n\\ 打印机序列号：\\r\\n\\ 一卡通配置信息：',NULL,265,NULL,NULL,'教务处左'),
(212,'P002','220630938/zzdy20120720','','2009-09-09','','','向日葵：\\r\\n\\ 打印机序列号：\\r\\n\\ 一卡通配置信息：',NULL,265,NULL,NULL,'教务处右'),
(213,'服务器','','','2009-09-09','','','远程桌面IP	202.194.133.116	账号	administrator	密码	sdau2331ZF',NULL,109,NULL,NULL,''),
(214,'P001','548170000/zmedu20120720','203645799/zmedu201314','2009-09-09','','','向日葵 392 197 353 / 4568\r\nIP:10.10.162.251\r\n子网掩码：255.255.255.0\r\n默认网关：10.10.162.254\r\nDNS:202.194.133.1',NULL,109,NULL,NULL,'北校区'),
(215,'P002','1 430 061 740/zmedu20120720','177214172/zzdy20120720','2009-09-09','','','向日葵：357827261 / zzdy',NULL,109,NULL,NULL,'南校区'),
(216,'服务器','1026479724/zmedu20120720','322948097','2009-09-09','','','向日葵：780 974 579 / 0056\r\n远程桌面IP	202.194.7.139	账号	administrator	密码	suguan.160907',NULL,335,NULL,NULL,''),
(217,'P001','10.100.255.34','','2009-09-09','','','向日葵：\\r\\n\\ 打印机序列号：\\r\\n\\ 一卡通配置信息：',NULL,335,NULL,NULL,'洪家楼（左）'),
(218,'P002','10.100.255.35','','2009-09-09','','','向日葵：\\r\\n\\ 打印机序列号：\\r\\n\\ 一卡通配置信息：',NULL,335,NULL,NULL,'洪家楼（右）\r\n'),
(219,'P003','10.100.255.66','','2009-09-09','','','向日葵：\\r\\n\\ 打印机序列号：\\r\\n\\ 一卡通配置信息：',NULL,335,NULL,NULL,'千佛山（左）\r\n'),
(220,'P004','210.44.221.178','','2009-09-09','','','向日葵：\\r\\n\\ 打印机序列号：\\r\\n\\ 一卡通配置信息：',NULL,335,NULL,NULL,'中心校区\r\n'),
(221,'P005','10.100.255.98','','2009-09-09','','','向日葵：\\r\\n\\ 打印机序列号：\\r\\n\\ 一卡通配置信息：',NULL,335,NULL,NULL,'趵突泉（左）\r\n'),
(222,'P006','10.100.255.99','','2009-09-09','','','向日葵：\\r\\n\\ 打印机序列号：\\r\\n\\ 一卡通配置信息：',NULL,335,NULL,NULL,'趵突泉（右）\r\n'),
(223,'P007','10.100.255.130','','2009-09-09','','','向日葵：\\r\\n\\ 打印机序列号：\\r\\n\\ 一卡通配置信息：',NULL,335,NULL,NULL,'兴隆山（左）\r\n'),
(224,'P008','10.100.255.131','','2009-09-09','','','向日葵：\\r\\n\\ 打印机序列号：\\r\\n\\ 一卡通配置信息：',NULL,335,NULL,NULL,'兴隆山（右）\r\n'),
(225,'P009','10.102.192.253','','2009-09-09','','','向日葵：\\r\\n\\ 打印机序列号：\\r\\n\\ 一卡通配置信息：',NULL,335,NULL,NULL,'青岛校区（左）\r\n'),
(226,'P010','10.102.192.252','','2009-09-09','','','向日葵：\\r\\n\\ 打印机序列号：\\r\\n\\ 一卡通配置信息：',NULL,335,NULL,NULL,'青岛校区（右）\r\n'),
(227,'P011','210.44.221.177','','2009-09-09','','','向日葵：\\r\\n\\ 打印机序列号：\\r\\n\\ 一卡通配置信息：',NULL,335,NULL,NULL,'中心校区（右）\r\n'),
(228,'P012','210.44.221.199','','2009-09-09','','','向日葵：\\r\\n\\ 打印机序列号：\\r\\n\\ 一卡通配置信息：',NULL,335,NULL,NULL,'中心校区（中）\r\n'),
(229,'P013','210.44.221.175','','2009-09-09','','','向日葵：\\r\\n\\ 打印机序列号：\\r\\n\\ 一卡通配置信息：',NULL,335,NULL,NULL,'中心校区（左）'),
(230,'P014','10.100.255.170','','2009-09-09','','','向日葵：\\r\\n\\ 打印机序列号：\\r\\n\\ 一卡通配置信息：',NULL,335,NULL,NULL,'软件园（左）'),
(231,'P015','10.100.255.171','','2009-09-09','','','向日葵：\\r\\n\\ 打印机序列号：\\r\\n\\ 一卡通配置信息：',NULL,335,NULL,NULL,'软件园（右）'),
(232,'P016','10.100.255.36','','2009-09-09','','','向日葵：\\r\\n\\ 打印机序列号：\\r\\n\\ 一卡通配置信息：',NULL,335,NULL,NULL,'洪家楼校区公教楼一楼大厅'),
(233,'P017','10.100.255.20','','2009-09-09','','','向日葵：\\r\\n\\ 打印机序列号：\\r\\n\\ 一卡通配置信息：',NULL,335,NULL,NULL,'中心校区知心楼B座一楼大厅'),
(234,'P018','10.100.255.97','','2009-09-09','','','向日葵：\\r\\n\\ 打印机序列号：\\r\\n\\ 一卡通配置信息：',NULL,335,NULL,NULL,'趵突泉校区图西教学楼一楼大厅'),
(235,'P019','10.100.255.135','','2009-09-09','','','向日葵：\\r\\n\\ 打印机序列号：\\r\\n\\ 一卡通配置信息：',NULL,335,NULL,NULL,'兴隆山校区四号与五号教学楼相连处一楼服务大厅'),
(236,'服务器','1156023895/zzdy20120720','','2009-09-09','','','连接方式（操作说明IP地址）	https://202.194.111.222 \r\n堡垒机帐号	qz-201899016	堡垒机密码	admin123\r\n远程桌面IP	219.231.221.29	账号	administrator	密码	Zmedu20120720\r\nvpn 地址：https://223.99.62.2:443\r\nVPN帐号：201899016\r\nVPN密码：111111',NULL,270,NULL,NULL,''),
(237,'P001','1073446663 / zzdy20120720','','2009-09-09','','','向日葵：\\r\\n\\ 打印机序列号：\\r\\n\\ 一卡通配置信息：',NULL,270,NULL,NULL,''),
(238,'服务器','1351178963/zmedu20120720','','2009-09-09','','','向日葵：\\r\\n\\ 打印机序列号：\\r\\n\\ 一卡通配置信息：VPN连接方式（操作说明IP地址）	https://sslvpn.sdada.edu.cn\r\nVPN帐号	zhengmai	VPN密码	zhengmai@2018\r\n远程桌面IP	172.16.111.206	账号	administrator	密码	Sdada9203 ',NULL,28,NULL,NULL,''),
(239,'P001','172.16.30.187/zmedu20120720','','2009-09-09','','','打印机序列号：产品序列号:PHCKLC89FV\r\nIPv4 地址: 172.16.30.187',2,28,3,NULL,'办公楼二楼'),
(240,'服务器','605374751/zzdy20120720','613840742/zzdy20120720','2009-09-09','','','VPN连接方式（操作说明IP地址）	https://vpn.sdnu.edu.cn \r\nVPN帐号	jwgl01	VPN密码	jwgl01cwx\r\n远程桌面IP	210.44.14.80	账号	administrator	密码	wlxf14.17',NULL,217,NULL,NULL,''),
(241,'P001','180552296/zzdy20120720','404316722/zzdy20120720','2009-09-09','','','向日葵：\\r\\n\\ 打印机序列号：\\r\\n\\ 一卡通配置信息：',NULL,217,NULL,NULL,'山东师范大学P001历下校区(左)'),
(242,'P002','317103649/zzdy20120720','205859312/zzdy20120720','2009-09-09','','','向日葵：\\r\\n\\ 打印机序列号：\\r\\n\\ 一卡通配置信息：',NULL,217,NULL,NULL,'山东师范大学P002历下校区(右)'),
(243,'P003','317445445/zzdy20120720','715640252/zzdy20120720','2009-09-09','','','向日葵：\\r\\n\\ 打印机序列号：\\r\\n\\ 一卡通配置信息：',NULL,217,NULL,NULL,'山东师范大学P003长清校区左'),
(244,'P004','284884671/zzdy20120720','702195667/zzdy20120720','2009-09-09','','','向日葵：\\r\\n\\ 打印机序列号：\\r\\n\\ 一卡通配置信息：',NULL,217,NULL,NULL,'山东师范大学P004长清校区中'),
(245,'P005','274707658/zzdy20120720','293326959/zzdy20120720','2009-09-09','','','向日葵：\\r\\n\\ 打印机序列号：\\r\\n\\ 一卡通配置信息：',NULL,217,NULL,NULL,'山东师范大学P005长青校区右'),
(246,'服务器','','892630364/zzdy20120720','2009-09-09','','','向日葵 ：182 361 138　/ zzdy\r\nVPN连接方式（操作说明IP地址）	https://210.44.129.8 \r\nVPN帐号	jiaowu	VPN密码	jiaowu@150\r\n远程桌面IP	210.44.128.150	账号	administrator	密码	Zmzzdy@2018',NULL,193,NULL,NULL,''),
(247,'P001','1307432869/zmedu20120720','744881407','2009-09-09','','','PHB8KDQ310 打印机',NULL,193,NULL,NULL,'燕山校区'),
(248,'P002','1199804595/zzdy20120720','','2009-09-09','','','PHB8KCK541 打印机\r\n210.44.135.188',NULL,193,NULL,NULL,'舜耕校区'),
(249,'服务器','1519876621/zzdy20120720','963459511/zzdy20120720','2009-09-09','','','服务器地址 192.168.9.152:63335 账号 administrator密码 qufu2019@&&  \r\n跳转机器器  202.194.178.9:63389 账号 qfnu  密码  gongcheng@99 \r\n',NULL,367,NULL,NULL,''),
(250,'P001','','','2009-09-09','','','向日葵：\\r\\n\\ 打印机序列号：\\r\\n\\ 一卡通配置信息：',NULL,367,NULL,NULL,'曲阜校区1'),
(251,'P002','','','2009-09-09','','','向日葵：\\r\\n\\ 打印机序列号：\\r\\n\\ 一卡通配置信息：',NULL,367,NULL,NULL,'曲阜校区2'),
(252,'P003','','','2009-09-09','','','向日葵：\\r\\n\\ 打印机序列号：\\r\\n\\ 一卡通配置信息：',NULL,367,NULL,NULL,'日照1'),
(253,'P004','','','2009-09-09','','','向日葵：\\r\\n\\ 打印机序列号：\\r\\n\\ 一卡通配置信息：',NULL,367,NULL,NULL,'日照2'),
(254,'服务器','997630046/edu_tsyxy@czq2017','win-crq2e817tv5@ad/edu_tsyxy@czq2017','2009-09-09','','','远程桌面IP	202.194.232.140	账号	administrator	密码	Edu_Tsyxy@Czq2017',NULL,203,NULL,NULL,''),
(255,'P001','192.168.10.120/edu_tech@czq2017','','2009-09-09','','','向日葵：\\r\\n\\ 打印机序列号：\\r\\n\\ 一卡通配置信息：',NULL,203,NULL,NULL,'老校区-图书馆'),
(256,'P002','936455116/edu_tech@czq2017','user-20161008fd-1@ad/zzdy20120720','2009-09-09','','','向日葵：\\r\\n\\ 打印机序列号：\\r\\n\\ 一卡通配置信息：',NULL,203,NULL,NULL,'新校区-南教学楼C栋'),
(257,'服务器','1124005382/zzdy20120720','502338176/zzdy20120720','2009-09-09','','','服务器外网IP地址：210.44.195.26\r\n远程桌面用户： administrator\r\n密码：6715595jwcJWC',NULL,368,NULL,NULL,''),
(258,'P001','','780742347/zzdy20120720','2009-09-09','','','向日葵：\\r\\n\\ 打印机序列号：\\r\\n\\ 一卡通配置信息：',NULL,368,NULL,NULL,'理工楼中'),
(259,'P002','','782309228/zzdy20120720','2009-09-09','','','向日葵：\\r\\n\\ 打印机序列号：\\r\\n\\ 一卡通配置信息：',NULL,368,NULL,NULL,'理工楼中'),
(260,'P003','','463490387/zzdy20120720','2009-09-09','','','向日葵：\\r\\n\\ 打印机序列号：\\r\\n\\ 一卡通配置信息：',NULL,368,NULL,NULL,'理工楼右'),
(261,'服务器','202 936 507/zzdy20120720','ujn-b271bc174f9@ad/zzdy20120720','2009-09-09','','','向日葵：840 038 364 / 8929\r\n远程桌面IP	202.194.64.61	账号	administrator	密码	UJNjwc0098',NULL,160,NULL,NULL,''),
(262,'P001','10.162.13.200','','2009-09-09','','','向日葵：\\r\\n\\ 打印机序列号：\\r\\n\\ 一卡通配置信息：',NULL,160,NULL,NULL,'行政楼右'),
(263,'P002','10.162.9.199','','2009-09-09','','','向日葵：\\r\\n\\ 打印机序列号：\\r\\n\\ 一卡通配置信息：',NULL,160,NULL,NULL,'第九教学楼'),
(264,'P003','172.16.78.199','','2009-09-09','','','向日葵：\\r\\n\\ 打印机序列号：\\r\\n\\ 一卡通配置信息：',NULL,160,NULL,NULL,'逸夫楼'),
(265,'P004','10.162.10.197','','2009-09-09','','','向日葵：\\r\\n\\ 打印机序列号：\\r\\n\\ 一卡通配置信息：',NULL,160,NULL,NULL,'第十教学楼左边'),
(266,'P005','10.162.13.199','','2009-09-09','','','向日葵：\\r\\n\\ 打印机序列号：\\r\\n\\ 一卡通配置信息：',NULL,160,NULL,NULL,'行政楼左'),
(267,'P006','10.162.1.199','','2009-09-09','','','向日葵：\\r\\n\\ 打印机序列号：\\r\\n\\ 一卡通配置信息：',NULL,160,NULL,NULL,'第一教学'),
(268,'P007','10.162.3.199','','2009-09-09','','','向日葵：\\r\\n\\ 打印机序列号：\\r\\n\\ 一卡通配置信息：',NULL,160,NULL,NULL,'第三教学楼'),
(269,'P008','10.162.46.231','','2009-09-09','','','向日葵：\\r\\n\\ 打印机序列号：\\r\\n\\ 一卡通配置信息：',NULL,160,NULL,NULL,'经管楼七楼'),
(270,'P009','10.162.44.231','','2009-09-09','','','向日葵：\\r\\n\\ 打印机序列号：\\r\\n\\ 一卡通配置信息：',NULL,160,NULL,NULL,'文史楼'),
(271,'P010','10.162.10.199','','2009-09-09','','','向日葵：\\r\\n\\ 打印机序列号：\\r\\n\\ 一卡通配置信息：',NULL,160,NULL,NULL,'第十教学楼右边'),
(272,'P011','10.88.61.200','','2009-09-09','','','向日葵：\\r\\n\\ 打印机序列号：\\r\\n\\ 一卡通配置信息：',NULL,160,NULL,NULL,'章丘校区'),
(273,'服务器','337240352/zzdy20120720','','2009-09-09','','','VPN连接方式（操作说明IP地址）	https://112.253.20.33:6443\r\nVPN帐号	jwzzdy	VPN密码	123qwe@\r\n远程桌面IP	210.44.81.17	账号	Administrator	密码	Zmzzdy@2017 ',NULL,222,NULL,NULL,''),
(274,'P001','121.250.147.251/zzdy20120720','','2009-09-09','','','向日葵：\\r\\n\\ 打印机序列号：\\r\\n\\ 一卡通配置信息：',NULL,222,NULL,NULL,'教学楼D区中'),
(275,'P002','121.250.147.252/zzdy20120720','','2009-09-09','','','向日葵：\\r\\n\\ 打印机序列号：\\r\\n\\ 一卡通配置信息：',NULL,222,NULL,NULL,'教学楼D区左'),
(276,'P003','121.250.147.253/zzdy20120720','','2009-09-09','','','向日葵：\\r\\n\\ 打印机序列号：\\r\\n\\ 一卡通配置信息：',NULL,222,NULL,NULL,'教学楼D区右'),
(277,'服务器','','','2009-09-09','','','VPN\r\nhttps://vpn.hzmc.edu.cn\r\n账号：test_02，密码：Zmedu20120720\r\n堡垒机（浏览器中打开）\r\nhttps://10.101.200.4\r\nzzdy_jwc\r\nzzdy@1234\r\n远程桌面IP  211.86.1.14	\r\n账号  zzdy_user 	\r\n密码  Dy_12346',NULL,51,NULL,NULL,''),
(278,'P001','1366589484/zzdy20120720','646974580/zzdy20120720','2009-09-09','','','向日葵：\\r\\n\\ 打印机序列号：\\r\\n\\ 一卡通配置信息：',NULL,51,NULL,NULL,'图书馆1号机'),
(279,'P002','1366584234/zzdy20120720','user-20161008fd-117@ad/zzdy20120720','2009-09-09','','','向日葵：\\r\\n\\ 打印机序列号：\\r\\n\\ 一卡通配置信息：',NULL,51,NULL,NULL,'图书馆2号机'),
(280,'服务器','1 014 278 536/zzdy20120720','webwinjwczzdy@ad/zzdy20120720','2009-09-09','','','VPN连接方式（操作说明IP地址）	https://vpn.qau.edu.cn\r\nVPN帐号	zzdy	VPN密码	QAUnmc123!@#\r\n远程桌面IP	10.8.36.109	账号	administrator	密码	QAUos%109zzdy!',NULL,265,NULL,NULL,''),
(281,'服务器','334768218/zzdy20120720','','2009-09-09','','','远程桌面IP	192.168.1.227	账号	Administrator	密码	123456jwc\r\n',NULL,136,NULL,NULL,''),
(282,'P001','1104983612/zzdy20120720','','2009-09-09','','','38989902998  主机\r\nPHC8L4963Q 打印机',NULL,136,NULL,NULL,''),
(283,'P003','261517344/zzdy20120720','504138361/zzdy20120720','2009-09-09','','','向日葵：\\r\\n\\ 打印机序列号：\\r\\n\\ 一卡通配置信息：',NULL,307,NULL,NULL,'菏泽校区'),
(284,'服务器','1 067 966 428/zzdy20120720','win-tbms40j5meo@ad/zzdy20120720','2009-09-09','','','远程桌面IP	59.74.48.12	账号	Administrator	密码	Zmzzdy@2018',NULL,112,NULL,NULL,''),
(285,'P001','835030337/zzdy20120720','240186944/zzdy20120720','2009-09-09','','','打印机：CN7C5HFWDZ   主机：32658542445',NULL,112,NULL,NULL,'江南校区图书馆'),
(286,'P002','59.74.51.253/zzdy20120720','','2009-09-09','','','打印机：CN7C4HDKJC  主机：32658542446',NULL,112,NULL,NULL,'江北校区教学楼'),
(287,'服务器','','','2009-09-09','','','向日葵：\\r\\n\\ 打印机序列号：\\r\\n\\ 一卡通配置信息：',NULL,365,NULL,NULL,''),
(288,'P001','','','2009-09-09','','','向日葵：\\r\\n\\ 打印机序列号：\\r\\n\\ 一卡通配置信息：',NULL,365,NULL,NULL,''),
(289,'P002','','','2009-09-09','','','向日葵：\\r\\n\\ 打印机序列号：\\r\\n\\ 一卡通配置信息：',NULL,365,NULL,NULL,''),
(290,'P003','','','2009-09-09','','','向日葵：\\r\\n\\ 打印机序列号：\\r\\n\\ 一卡通配置信息：',NULL,365,NULL,NULL,''),
(291,'P004','','','2009-09-09','','','向日葵：\\r\\n\\ 打印机序列号：\\r\\n\\ 一卡通配置信息：',NULL,365,NULL,NULL,''),
(292,'服务器','','','2009-09-09','','','向日葵：\\r\\n\\ 打印机序列号：\\r\\n\\ 一卡通配置信息：',NULL,316,NULL,NULL,''),
(293,'P001','','','2009-09-09','','','向日葵：\\r\\n\\ 打印机序列号：\\r\\n\\ 一卡通配置信息：',NULL,316,NULL,NULL,''),
(294,'服务器','','','2009-09-09','','','向日葵：\\r\\n\\ 打印机序列号：\\r\\n\\ 一卡通配置信息：',NULL,135,NULL,NULL,''),
(295,'服务器','1 442 725 499/zmedu20120720','','2009-09-09','','','VPN连接方式（操作说明IP地址）	https://211.64.120.159 \r\nVPN账号	jwczzdy	VPN密码	U@x5z2\r\n远程桌面IP	192.168.254.148	账号	administrator	密码	z8Ah&3!6Pk',NULL,427,NULL,NULL,''),
(296,'P001','1664072348/zmedu20120720','','2009-09-09','','','向日葵：\\r\\n\\ 打印机序列号：\\r\\n\\ 一卡通配置信息：',NULL,427,NULL,NULL,'图书馆5楼大厅'),
(297,'P002','1237067814/zmedu20120720','','2009-09-09','','','向日葵：\\r\\n\\ 打印机序列号：\\r\\n\\ 一卡通配置信息：',NULL,427,NULL,NULL,'图书馆5楼542教室'),
(298,'P003','1677751895/zmedu20120720','','2009-09-09','','','向日葵：\\r\\n\\ 打印机序列号：\\r\\n\\ 一卡通配置信息：',NULL,427,NULL,NULL,'威海校区2号教学楼大厅'),
(299,'服务器','1464776925/zmedu20120720','','2009-09-09','','','远程桌面IP	10.100.10.13	账号	administrator	密码	Sdlvtc2018\r\n向日葵 519 971 393 7692',NULL,433,NULL,NULL,''),
(300,'P001','1682445661/zmedu20120720','','2009-09-09','','','IP地址：10.33.3.253\r\n掩码：255.255.255.0\r\n网关：10.33.3.1\r\nDNS：219.146.1.66\r\nMAC：114.114.114.114',NULL,433,NULL,NULL,'槐荫校区教学楼一楼大厅'),
(301,'P002','1681175609/zmedu20120720','','2009-09-09','','','IP地址：10.1.2.253\r\n掩码：255.255.255.0\r\n网关：10.1.2.1\r\nDNS：219.146.166',NULL,433,NULL,NULL,'长清校区1号教学楼一楼大厅'),
(302,'服务器','','','2009-09-09','','','远程桌面IP	221.2.52.44:11006	账号	administrator	密码	sangfor@123',NULL,429,NULL,NULL,''),
(303,'P001','1474257731/zmedu20120720','','2009-09-09','','','向日葵：\\r\\n\\ 打印机序列号：\\r\\n\\ 一卡通配置信息：',NULL,429,NULL,NULL,'行政办公楼1401门口（左）'),
(304,'P002','1475537919/zmedu20120720','','2009-09-09','','','向日葵：\\r\\n\\ 打印机序列号：\\r\\n\\ 一卡通配置信息：',NULL,429,NULL,NULL,'行政办公楼1401门口（右）'),
(305,'服务器','1408308211/3306','','2009-09-09','','','主地址：http://safe.sdyu.edu.cn:81\r\nVPN帐号	正脉	VPN密码	Zm-Sdyu20190907@!@#$%',NULL,430,NULL,NULL,''),
(306,'P001','1628554719/zmedu20120720','','2009-09-09','','','向日葵：\\r\\n\\ 打印机序列号：\\r\\n\\ 一卡通配置信息：',NULL,430,NULL,NULL,''),
(307,'P002','1412448886/zmedu20120720','','2009-09-09','','','向日葵：\\r\\n\\ 打印机序列号：\\r\\n\\ 一卡通配置信息：',NULL,430,NULL,NULL,''),
(308,'服务器','657836942/zmedu20120720','','2009-09-09','','','http://wlzx.uzz.edu.cn/info/1005/1812.htm\r\n210.44.232.82\r\nVPN帐号	100098	VPN密码	st0632\r\n远程桌面IP	210.44.232.72:6792	账号	Jpkc2015	密码	zzu10904$)()!_2015',NULL,431,NULL,NULL,''),
(309,'P001','1415007012/zmedu20120720','171420662/zmedu20120720','2009-09-09','','','向日葵：\\r\\n\\ 打印机序列号：\\r\\n\\ 一卡通配置信息：',NULL,431,NULL,NULL,'大学生活动中心'),
(310,'服务器','','','2009-09-09','','','VPN连接方式（操作说明IP地址）	https://vpn.zbvc.cn\r\nVPN帐号	70001	VPN密码	JWC@20190710\r\n堡垒机地址	https://10.16.1.247	账号	JWC-zhengshu	密码	JWC@20190708',NULL,432,NULL,NULL,''),
(311,'P001','1456774674/zmedu20120720','cwtech-pc-22@ad/zmedu20120720','2009-09-09','','','向日葵：\\r\\n\\ 打印机序列号：\\r\\n\\ 一卡通配置信息：',NULL,432,NULL,NULL,'立德楼二楼'),
(312,'服务器','','','2009-09-09','','','远程桌面IP	211.87.240.169	账号	administrator	密码	BzmuWlzx3148ABCDE',NULL,428,NULL,NULL,''),
(313,'P001','1408796239/zmedu20120720','','2009-09-09','','','向日葵：485387403 / 0568\r\nIp地址：211.87.242.172\r\n子网掩码：255.255.255.0\r\n默认网关：211.87.242.254',NULL,428,NULL,NULL,'图书馆一楼（左边） （专打中文成绩单和中文证明）'),
(314,'P002','1408580674/zmedu20120720','','2009-09-09','','','向日葵：384775954 / 8779\r\nIp地址：211.87.242.173\r\n子网掩码：255.255.255.0\r\n默认网关：211.87.242.254',NULL,428,NULL,NULL,'图书馆一楼（中间） （专打中文成绩单和中文证明）'),
(315,'P003','1403626283/zmedu20120720','','2009-09-09','','','向日葵：836888122/ 2723\r\nIp地址：211.87.242.174\r\n子网掩码：255.255.255.0\r\n默认网关：211.87.242.254',NULL,428,NULL,NULL,'图书馆一楼（右边） （专打中英文成绩单和英文证明）');

/*Table structure for table `customerservice_terminialtype` */

DROP TABLE IF EXISTS `customerservice_terminialtype`;

CREATE TABLE `customerservice_terminialtype` (
  `id` int(11) NOT NULL AUTO_INCREMENT,
  `type_name` varchar(50) NOT NULL,
  PRIMARY KEY (`id`)
) ENGINE=InnoDB AUTO_INCREMENT=6 DEFAULT CHARSET=utf8;

/*Data for the table `customerservice_terminialtype` */

insert  into `customerservice_terminialtype`(`id`,`type_name`) values 
(1,'ZM-86D'),
(2,'ZM-86A'),
(3,'ZM-86B'),
(4,'ZM-86C'),
(5,'无');

/*Table structure for table `customerservice_user` */

DROP TABLE IF EXISTS `customerservice_user`;

CREATE TABLE `customerservice_user` (
  `id` int(11) NOT NULL AUTO_INCREMENT,
  `user_name` varchar(50) NOT NULL,
  `nick_name` varchar(50) NOT NULL,
  `password` varchar(50) NOT NULL,
  `headimgurl` varchar(200) NOT NULL,
  `loginstate` tinyint(1) NOT NULL,
  `role` varchar(50) DEFAULT NULL,
  `provinces` varchar(50) DEFAULT NULL,
  PRIMARY KEY (`id`)
) ENGINE=InnoDB AUTO_INCREMENT=21 DEFAULT CHARSET=utf8;

/*Data for the table `customerservice_user` */

insert  into `customerservice_user`(`id`,`user_name`,`nick_name`,`password`,`headimgurl`,`loginstate`,`role`,`provinces`) values 
(12,'oh2lI6F_Lo9iSP-A0J4UV7c1nzcM','蔡健荣管理员','1','http://thirdwx.qlogo.cn/mmopen/F7NHgKuPhB8AKMIRwqPqcNUKt3FlNbCtjjbcB0QD9Xro7cMPrDwTmw7t9cGTxNrCNNVOqPwDY7FxgvlEts1W5nxHmCznnQcL/132',1,'管理员',NULL),
(15,'oh2lI6OKZOzRII3ylS6KgutT9fSw','正脉教育售后服务（13318825051）','Gzzm1564722549','http://thirdwx.qlogo.cn/mmopen/F7NHgKuPhB9efVXicVXYSCyHtlMyMz1C9usa0EPaa1eGknKSS4NHY8LjMDuNNwXR2rAw5DRUEIZBHFP0MM4LjoNjtT7ibX0BKA/132',1,'城市负责人',NULL),
(16,'oh2lI6K25Z8DMGSpN3bdij2FLgLE','蔡健荣城市负责人','1','http://thirdwx.qlogo.cn/mmopen/o8QaYRJqN9jhMbX0libYakicKzm8zEL7KSUfCofegpActqm9uEeqG8y0iaN2Lv6RB3rTt1Y67BBdSydTXdMbJPUQcNR3iaqUxIqV/132',1,'城市负责人','11'),
(17,'oh2lI6OOv782Qkz5rjUNBdVZJJAM','邱君俊','Gzzm1584327370','http://thirdwx.qlogo.cn/mmopen/o8QaYRJqN9gK0xF0jVmTkhoHA9iaQjvs6EhWJkmRuAEicJrEj9PrsTxfBnAbfia1bFJfFv5Cg72YX63zUgI96pOUdxuIzU0jzHL/132',1,'城市负责人','13'),
(18,'oh2lI6Px2YJ0nNVGE4WedJPSkJbc','杨大宝','Gzzm1584328284','http://thirdwx.qlogo.cn/mmopen/aMl0Y4vkTrUnr4YMLuZOEHtSDTEocj69cNwiay3bficY2E7CpCt09NnKyV2CEcrFbjlK3aabnGFQeK03OnlWAKLrfFiaL2Bx17p/132',1,'城市负责人','17'),
(19,'oh2lI6CpZnzcC1VT3sd0FaBhaE78','黎巨洪','Gzzm1584339846','http://thirdwx.qlogo.cn/mmopen/o8QaYRJqN9hQlgZoFGhjSHVT8KCSaZBOugdJiaGFjQOSh1dG5BHzP2P5futibhbrQH0W54eNoJDd5gYQRxoW56osA9x10kbh3Y/132',1,'城市负责人','11'),
(20,'oh2lI6ABpt9xFQKD8wgihZQvI6DQ','张国祥','Gzzm1584426015','http://thirdwx.qlogo.cn/mmopen/F7NHgKuPhB9efVXicVXYSCyHtlMyMz1C9usa0EPaa1eGknKSS4NHY8LjMDuNNwXR2rAw5DRUEIZBHFP0MM4LjoNjtT7ibX0BKA/132',1,'城市负责人','4');

/*Table structure for table `customerservice_wiscard` */

DROP TABLE IF EXISTS `customerservice_wiscard`;

CREATE TABLE `customerservice_wiscard` (
  `id` int(11) NOT NULL AUTO_INCREMENT,
  `wiscard_name` varchar(50) NOT NULL,
  PRIMARY KEY (`id`)
) ENGINE=InnoDB AUTO_INCREMENT=7 DEFAULT CHARSET=utf8;

/*Data for the table `customerservice_wiscard` */

insert  into `customerservice_wiscard`(`id`,`wiscard_name`) values 
(1,'新中新'),
(2,'新开普'),
(3,'无'),
(4,'正元'),
(5,'智慧电子'),
(6,'树维');

/*Table structure for table `django_admin_log` */

DROP TABLE IF EXISTS `django_admin_log`;

CREATE TABLE `django_admin_log` (
  `id` int(11) NOT NULL AUTO_INCREMENT,
  `action_time` datetime(6) NOT NULL,
  `object_id` longtext,
  `object_repr` varchar(200) NOT NULL,
  `action_flag` smallint(5) unsigned NOT NULL,
  `change_message` longtext NOT NULL,
  `content_type_id` int(11) DEFAULT NULL,
  `user_id` int(11) NOT NULL,
  PRIMARY KEY (`id`),
  KEY `django_admin_log_content_type_id_c4bce8eb_fk_django_co` (`content_type_id`),
  KEY `django_admin_log_user_id_c564eba6_fk_auth_user_id` (`user_id`),
  CONSTRAINT `django_admin_log_content_type_id_c4bce8eb_fk_django_co` FOREIGN KEY (`content_type_id`) REFERENCES `django_content_type` (`id`),
  CONSTRAINT `django_admin_log_user_id_c564eba6_fk_auth_user_id` FOREIGN KEY (`user_id`) REFERENCES `auth_user` (`id`)
) ENGINE=InnoDB AUTO_INCREMENT=110 DEFAULT CHARSET=utf8;

/*Data for the table `django_admin_log` */

insert  into `django_admin_log`(`id`,`action_time`,`object_id`,`object_repr`,`action_flag`,`change_message`,`content_type_id`,`user_id`) values 
(1,'2019-01-12 01:24:45.961878','1','M506',1,'[{\"added\": {}}]',8,2),
(2,'2019-01-12 01:28:10.689588','2','M506',1,'[{\"added\": {}}]',8,2),
(3,'2019-01-12 01:30:30.878606','1','服务器',1,'[{\"added\": {}}]',11,2),
(4,'2019-01-12 01:30:55.680025','1','广外服务器',2,'[{\"changed\": {\"fields\": [\"terminial_name\"]}}]',11,2),
(5,'2019-01-13 06:47:11.719348','10','蔡健荣',2,'[{\"changed\": {\"fields\": [\"loginstate\"]}}]',13,2),
(6,'2019-01-13 06:49:29.324219','1','广外',2,'[{\"changed\": {\"fields\": [\"project_nature\"]}}]',10,2),
(7,'2019-01-18 23:49:01.373748','1','广东外语外贸大学本科服务器',1,'[{\"added\": {}}]',11,2),
(8,'2019-01-18 23:56:48.836485','2','P002北校区二教一楼大厅（新）',1,'[{\"added\": {}}]',11,2),
(9,'2019-01-18 23:58:37.395694','3','P002北校区二教一楼大厅（新）',1,'[{\"added\": {}}]',11,2),
(10,'2019-01-20 01:42:31.914290','3','P002北校区二教一楼大厅（新）',2,'[{\"changed\": {\"fields\": [\"remarks\", \"address\"]}}]',11,2),
(11,'2019-01-20 07:29:30.774586','1','软件',1,'[{\"added\": {}}]',16,2),
(12,'2019-01-20 07:29:34.323789','2','硬件',1,'[{\"added\": {}}]',16,2),
(13,'2019-01-20 07:29:58.060147','1','修改SQL',1,'[{\"added\": {}}]',17,2),
(14,'2019-01-20 07:30:15.580149','2','调报表',1,'[{\"added\": {}}]',17,2),
(15,'2019-01-20 07:31:57.755993','1','处理中',1,'[{\"added\": {}}]',18,2),
(16,'2019-01-20 07:32:01.481206','2','完成',1,'[{\"added\": {}}]',18,2),
(17,'2019-01-20 07:32:14.905974','3','已回访',1,'[{\"added\": {}}]',18,2),
(18,'2019-01-20 07:33:19.649677','1','学生绩点不正确',1,'[{\"added\": {}}]',15,2),
(19,'2019-01-20 07:33:43.015013','2','学生绩点不正确',1,'[{\"added\": {}}]',15,2),
(20,'2019-01-21 01:13:07.369690','15','学生成绩单绩点有问题',1,'[{\"added\": {}}]',15,2),
(21,'2019-01-21 01:13:54.542818','16','打印后不出纸',1,'[{\"added\": {}}]',15,2),
(22,'2019-01-22 03:25:59.787122','8','P006南校区图书馆（新）',1,'[{\"added\": {}}]',11,2),
(23,'2019-01-22 03:44:17.133762','9','P001北校区二教一楼（新）',1,'[{\"added\": {}}]',11,2),
(24,'2019-01-22 03:45:06.055954','1','HP3015',2,'[{\"changed\": {\"fields\": [\"printer_name\"]}}]',8,2),
(25,'2019-01-22 03:45:15.683521','2','HPM506',2,'[{\"changed\": {\"fields\": [\"printer_name\"]}}]',8,2),
(26,'2019-01-22 03:45:28.992518','3','HP551',1,'[{\"added\": {}}]',8,2),
(27,'2019-01-22 03:45:38.538447','3','HP551',2,'[]',8,2),
(28,'2019-01-22 03:45:44.022562','4','HP552',1,'[{\"added\": {}}]',8,2),
(29,'2019-01-22 03:45:48.948093','5','HP605',1,'[{\"added\": {}}]',8,2),
(30,'2019-01-22 03:45:54.309640','6','HP607',1,'[{\"added\": {}}]',8,2),
(31,'2019-01-22 03:45:59.312133','7','HP608',1,'[{\"added\": {}}]',8,2),
(32,'2019-01-22 03:46:22.932278','8','HP553',1,'[{\"added\": {}}]',8,2),
(33,'2019-01-22 03:48:23.050258','9','无',1,'[{\"added\": {}}]',8,2),
(34,'2019-01-22 03:58:20.852759','10','P002南校区学生事务中心',1,'[{\"added\": {}}]',11,2),
(35,'2019-01-22 04:00:32.714444','7','P003北校区服务大厅',2,'[{\"changed\": {\"fields\": [\"remarks\", \"address\"]}}]',11,2),
(36,'2019-01-22 04:38:40.313220','7','P003北校区服务大厅',2,'[{\"changed\": {\"fields\": [\"remarks\"]}}]',11,2),
(37,'2019-01-22 04:40:57.190265','7','P003北校区服务大厅',2,'[{\"changed\": {\"fields\": [\"remarks\"]}}]',11,2),
(38,'2020-03-15 03:21:01.382422','9','读卡器_需要更换',1,'[{\"added\": {}}]',17,4),
(39,'2020-03-15 03:21:38.525547','10','读卡器_COM口设置',1,'[{\"added\": {}}]',17,4),
(40,'2020-03-15 03:21:47.163041','11','屏幕_黑屏，线路连接、连线跟换',1,'[{\"added\": {}}]',17,4),
(41,'2020-03-15 03:21:55.204501','12','屏幕_白屏，学生端程序异常、网络连接异常',1,'[{\"added\": {}}]',17,4),
(42,'2020-03-15 03:22:01.546863','13','屏幕_花屏、显示颜色异常，检修或更换',1,'[{\"added\": {}}]',17,4),
(43,'2020-03-15 03:22:08.508261','14','屏幕_闪屏，电磁干扰或其他原因',1,'[{\"added\": {}}]',17,4),
(44,'2020-03-15 03:22:15.609668','15','屏幕_屏幕触摸不良，需清洁、线路问题、检修、更换',1,'[{\"added\": {}}]',17,4),
(45,'2020-03-15 03:22:24.834195','16','屏幕_屏幕显示异常，屏幕开关可调整',1,'[{\"added\": {}}]',17,4),
(46,'2020-03-15 03:22:31.787593','17','屏幕_上下屏显示颠倒',1,'[{\"added\": {}}]',17,4),
(47,'2020-03-15 03:22:47.835511','18','主机_蓝屏，系统原因、硬件原因',1,'[{\"added\": {}}]',17,4),
(48,'2020-03-15 03:22:54.470890','19','主机_主机检修或更换，整机或硬盘、主板、内存、电源、CPU',1,'[{\"added\": {}}]',17,4),
(49,'2020-03-15 03:23:01.087269','20','主机_重修系统、学生端',1,'[{\"added\": {}}]',17,4),
(50,'2020-03-15 03:23:07.350627','21','主机_主机开机异常、频繁死机、重启',1,'[{\"added\": {}}]',17,4),
(51,'2020-03-15 03:23:13.990007','22','主机_系统杀毒',1,'[{\"added\": {}}]',17,4),
(52,'2020-03-15 03:23:20.329369','23','主机_设置定时开关机时间',1,'[{\"added\": {}}]',17,4),
(53,'2020-03-15 03:23:28.973864','24','打印机_卡纸，送纸器、搓纸轮或需打印机清理等原因',1,'[{\"added\": {}}]',17,4),
(54,'2020-03-15 03:23:34.639188','25','打印机_卡纸，打印机老化、打印机部件故障',1,'[{\"added\": {}}]',17,4),
(55,'2020-03-15 03:23:40.109501','26','打印机_卡纸，非原装硒鼓导致卡纸问题',1,'[{\"added\": {}}]',17,4),
(56,'2020-03-15 03:23:45.710821','27','打印机_扣费不出纸，打印机设置、打印机网络连接、打印机驱动等原因',1,'[{\"added\": {}}]',17,4),
(57,'2020-03-15 03:23:50.747109','28','打印机_样式打印和纸盒选择异常，非网络打印机情况',1,'[{\"added\": {}}]',17,4),
(58,'2020-03-15 03:23:58.102530','29','打印机_样式打印和纸盒选择异常，网络打印机情况',1,'[{\"added\": {}}]',17,4),
(59,'2020-03-15 03:24:03.402833','30','打印机_非网络打印机升级为网络打印机',1,'[{\"added\": {}}]',17,4),
(60,'2020-03-15 03:24:11.506297','31','打印机_更换打印机部件或整机',1,'[{\"added\": {}}]',17,4),
(61,'2020-03-15 03:24:21.942893','32','老设备升级改造_包括主机、打印机、屏幕，含硬件在保或过保项目',1,'[{\"added\": {}}]',17,4),
(62,'2020-03-15 03:24:29.909349','33','巡检',1,'[{\"added\": {}}]',17,4),
(63,'2020-03-15 03:24:37.512784','34','新增终端项目实施',1,'[{\"added\": {}}]',17,4),
(64,'2020-03-15 05:13:48.212463','35','\"远程检查基本故障问题_上下屏颠倒，页面放大缩小， 重启服务器，打印机卡纸， 缺墨，缺碳粉，\"',1,'[{\"added\": {}}]',17,4),
(65,'2020-03-15 05:14:39.058371','36','个别学生无法登录、无法生成成绩单、报表_数据异常，修改判断',1,'[{\"added\": {}}]',17,4),
(66,'2020-03-15 05:14:46.297785','37','个性服务_数据统一汇总：统计各学术的GPA绩点导出给老师',1,'[{\"added\": {}}]',17,4),
(67,'2020-03-15 05:14:54.669264','38','清空免费份数_每个学期清空学生免费份数',1,'[{\"added\": {}}]',17,4),
(68,'2020-03-15 05:15:03.773784','39','自助打印机服务器异常_重启服务器，监听服务，端口修改，出入站判断',1,'[{\"added\": {}}]',17,4),
(69,'2020-03-15 05:15:10.305158','40','教务系统服务器异常_DBlink无法访问',1,'[{\"added\": {}}]',17,4),
(70,'2020-03-15 05:15:16.415508','41','网络连接异常_如网络故障、IP被限制、学校网络波动、服务器异常、IP冲突',1,'[{\"added\": {}}]',17,4),
(71,'2020-03-15 05:15:22.058830','42','报表修改_新增成绩单(按量)（简单）（复杂）',1,'[{\"added\": {}}]',17,4),
(72,'2020-03-15 05:15:29.386249','43','报表修改_新增证明（简单）（复杂）',1,'[{\"added\": {}}]',17,4),
(73,'2020-03-15 05:15:35.968626','44','报表修改_修改成绩单显示内容',1,'[{\"added\": {}}]',17,4),
(74,'2020-03-15 05:15:45.038145','45','报表修改_修改证明落款位置，内容',1,'[{\"added\": {}}]',17,4),
(75,'2020-03-15 05:15:51.213498','46','SQL修改_一个或若干个学生绩点异常(学校更改规则)',1,'[{\"added\": {}}]',17,4),
(76,'2020-03-15 05:16:29.643696','47','SQL修改_自助打印和教务系统绩点不一致（判断缺失）',1,'[{\"added\": {}}]',17,4),
(77,'2020-03-15 05:16:37.631153','48','SQL修改_学校修改了GPA计算规则',1,'[{\"added\": {}}]',17,4),
(78,'2020-03-15 05:16:43.794505','49','校园卡读卡器_仅动态库替换更新就解决',1,'[{\"added\": {}}]',17,4),
(79,'2020-03-15 05:16:50.065864','50','校园卡读卡器_更新动态库后不能登录扣费还修改方法代码',1,'[{\"added\": {}}]',17,4),
(80,'2020-03-15 05:16:56.864253','51','校园卡读卡器_端口被占用，一卡通地址更改',1,'[{\"added\": {}}]',17,4),
(81,'2020-03-15 05:17:02.775591','52','校园卡读卡器_自助打印扣费和一卡通收费不一致（检查日志查找原因）',1,'[{\"added\": {}}]',17,4),
(82,'2020-03-15 05:17:10.893055','53','校园卡读卡器_重写一卡通方法或对接没接触过的一卡通',1,'[{\"added\": {}}]',17,4),
(83,'2020-03-15 05:17:21.731675','54','校园卡读卡器_旧卡可以使用，新卡不能正常使用',1,'[{\"added\": {}}]',17,4),
(84,'2020-03-15 05:17:28.128041','55','个性化开发_后台数据导出导入，每个学期份数清空',1,'[{\"added\": {}}]',17,4),
(85,'2020-03-15 05:17:35.895485','56','个性化开发_学生端图标界面文字修改，二级菜单添加，',1,'[{\"added\": {}}]',17,4),
(86,'2020-03-15 05:17:41.953832','57','个性化开发_2.5及后面的版本个性化开发（后续补上）',1,'[{\"added\": {}}]',17,4),
(87,'2020-03-15 05:17:47.864170','58','个性化开发_自定义参数传值开发，统一身份认证开发，一卡通开发，增删改查',1,'[{\"added\": {}}]',17,4),
(88,'2020-03-15 05:17:55.202590','59','添加微信支付、支付宝支付功能_使用我们公司的，使用学校的',1,'[{\"added\": {}}]',17,4),
(89,'2020-03-15 05:18:02.425003','60','教务系统升级对接_数据对接',1,'[{\"added\": {}}]',17,4),
(90,'2020-03-15 05:18:08.596356','61','教务系统升级对接_教务升级没有个性化开发功能',1,'[{\"added\": {}}]',17,4),
(91,'2020-03-15 05:18:15.018723','62','教务系统升级对接_教务升级有个性化开发功能',1,'[{\"added\": {}}]',17,4),
(92,'2020-03-15 05:18:25.221307','63','教务系统迁移对接_（一般是更换IP）',1,'[{\"added\": {}}]',17,4),
(93,'2020-03-15 05:18:35.480893','64','重装服务器_有备份情况',1,'[{\"added\": {}}]',17,4),
(94,'2020-03-15 05:18:42.200278','65','重装服务器_没有备份，需要重新部署程序、编写SQL查询语句',1,'[{\"added\": {}}]',17,4),
(95,'2020-03-15 05:18:48.078614','66','课程替换_修改语句，关联数据源数量',1,'[{\"added\": {}}]',17,4),
(96,'2020-03-15 05:18:58.967237','67','数据导入_如课程翻译数据、照片数据、成绩数据等',1,'[{\"added\": {}}]',17,4),
(97,'2020-03-15 05:19:04.827572','68','教师端_旧版教师端安装（2.5之前）',1,'[{\"added\": {}}]',17,4),
(98,'2020-03-15 05:19:15.416178','69','教师端_新版教师端安装',1,'[{\"added\": {}}]',17,4),
(99,'2020-03-15 05:19:23.288628','70','教师端_教师端使用异常',1,'[{\"added\": {}}]',17,4),
(100,'2020-03-15 05:19:28.995954','71','教师端_（2.5之前）版本开发，参数字段修改，TeacherAction修改',1,'[{\"added\": {}}]',17,4),
(101,'2020-03-15 05:19:36.675394','72','自助终端登录慢_语句优化，内存优化，开机自启动',1,'[{\"added\": {}}]',17,4),
(102,'2020-03-15 05:19:45.186880','73','报表生成慢_修改语句，去除多余不用的字段（复杂语句长）',1,'[{\"added\": {}}]',17,4),
(103,'2020-03-15 05:19:51.598247','74','实现电子印章_电子盖章参数错误，位置错误，印章没显示',1,'[{\"added\": {}}]',17,4),
(104,'2020-03-15 05:19:59.679709','75','售后巡检报告_检查程序服务器，数据库服务器，定时备份，自启动，终端监控，后台打印记录',1,'[{\"added\": {}}]',17,4),
(105,'2020-03-15 05:20:06.691110','76','一卡通扣费异常_新开普扣费上传失败，正元一卡通登录无法扣费等',1,'[{\"added\": {}}]',17,4),
(106,'2020-03-15 05:20:13.149480','77','微信支付没有出现二维码_网络问题，访问限制',1,'[{\"added\": {}}]',17,4),
(107,'2020-03-15 05:20:19.520844','78','对接一卡通接口_对接新的一卡通公司，第三方接口对接等',1,'[{\"added\": {}}]',17,4),
(108,'2020-03-15 05:20:27.074276','79','对接教务接口_对接第三方教务系统接口，强制-青果，正方-强智等，webservice接口，推送汇总字',1,'[{\"added\": {}}]',17,4),
(109,'2020-03-15 05:20:32.793603','80','迁移服务器地址_整个程序，数据库备份迁移',1,'[{\"added\": {}}]',17,4);

/*Table structure for table `django_content_type` */

DROP TABLE IF EXISTS `django_content_type`;

CREATE TABLE `django_content_type` (
  `id` int(11) NOT NULL AUTO_INCREMENT,
  `app_label` varchar(100) NOT NULL,
  `model` varchar(100) NOT NULL,
  PRIMARY KEY (`id`),
  UNIQUE KEY `django_content_type_app_label_model_76bd3d3b_uniq` (`app_label`,`model`)
) ENGINE=InnoDB AUTO_INCREMENT=19 DEFAULT CHARSET=utf8;

/*Data for the table `django_content_type` */

insert  into `django_content_type`(`id`,`app_label`,`model`) values 
(1,'admin','logentry'),
(3,'auth','group'),
(2,'auth','permission'),
(4,'auth','user'),
(5,'contenttypes','contenttype'),
(7,'customerservice','city'),
(16,'customerservice','classification'),
(15,'customerservice','order'),
(17,'customerservice','ordertype'),
(8,'customerservice','printer'),
(9,'customerservice','province'),
(10,'customerservice','school'),
(18,'customerservice','status'),
(11,'customerservice','terminial'),
(12,'customerservice','terminialtype'),
(13,'customerservice','user'),
(14,'customerservice','wiscard'),
(6,'sessions','session');

/*Table structure for table `django_migrations` */

DROP TABLE IF EXISTS `django_migrations`;

CREATE TABLE `django_migrations` (
  `id` int(11) NOT NULL AUTO_INCREMENT,
  `app` varchar(255) NOT NULL,
  `name` varchar(255) NOT NULL,
  `applied` datetime(6) NOT NULL,
  PRIMARY KEY (`id`)
) ENGINE=InnoDB AUTO_INCREMENT=17 DEFAULT CHARSET=utf8;

/*Data for the table `django_migrations` */

insert  into `django_migrations`(`id`,`app`,`name`,`applied`) values 
(1,'contenttypes','0001_initial','2019-01-12 01:09:45.008347'),
(2,'auth','0001_initial','2019-01-12 01:10:05.167500'),
(3,'admin','0001_initial','2019-01-12 01:10:10.912828'),
(4,'admin','0002_logentry_remove_auto_add','2019-01-12 01:10:10.990833'),
(5,'admin','0003_logentry_add_action_flag_choices','2019-01-12 01:10:11.085838'),
(6,'contenttypes','0002_remove_content_type_name','2019-01-12 01:10:13.567980'),
(7,'auth','0002_alter_permission_name_max_length','2019-01-12 01:10:15.514092'),
(8,'auth','0003_alter_user_email_max_length','2019-01-12 01:10:18.262249'),
(9,'auth','0004_alter_user_username_opts','2019-01-12 01:10:18.393256'),
(10,'auth','0005_alter_user_last_login_null','2019-01-12 01:10:19.858340'),
(11,'auth','0006_require_contenttypes_0002','2019-01-12 01:10:19.889342'),
(12,'auth','0007_alter_validators_add_error_messages','2019-01-12 01:10:19.986347'),
(13,'auth','0008_alter_user_username_max_length','2019-01-12 01:10:21.562438'),
(14,'auth','0009_alter_user_last_name_max_length','2019-01-12 01:10:22.912515'),
(15,'customerservice','0001_initial','2019-01-12 01:10:45.035780'),
(16,'sessions','0001_initial','2019-01-12 01:10:46.493864');

/*Table structure for table `django_session` */

DROP TABLE IF EXISTS `django_session`;

CREATE TABLE `django_session` (
  `session_key` varchar(40) NOT NULL,
  `session_data` longtext NOT NULL,
  `expire_date` datetime(6) NOT NULL,
  PRIMARY KEY (`session_key`),
  KEY `django_session_expire_date_a5c62663` (`expire_date`)
) ENGINE=InnoDB DEFAULT CHARSET=utf8;

/*Data for the table `django_session` */

insert  into `django_session`(`session_key`,`session_data`,`expire_date`) values 
('0bq11hend1fyh5fgsf62z2nrn3whamb4','N2NkZDNmODgyOGQxNjA4NzZiZTA4NGIzOGY2ZTQyODFlYmI2Y2I5NDp7InVzZXJfbmFtZSI6Im9oMmxJNkNwWm56Y0MxVlQzc2QwRmFCaGFFNzgiLCJuaWNrX25hbWUiOiJcdTllY2VcdTVkZThcdTZkMmEiLCJ1c2VyX2hlYWRpbWd1cmwiOiJodHRwOi8vdGhpcmR3eC5xbG9nby5jbi9tbW9wZW4vbzhRYVlSSnFOOWhRbGdab0ZHaGpTSFZUOEtDU2FaQk91Z2RKaWFHRmpRT1NoMWRHNUJIelAyUDVmdXRpYmhiclFIMFc1NGVOb0pEZDVnWVFSeG9XNTZvc0E5eDEwa2JoM1kvMTMyIiwidXNlcl9yb2xlIjoiXHU1N2NlXHU1ZTAyXHU4ZDFmXHU4ZDIzXHU0ZWJhIiwidXNlcl9wcm92aW5jZXMiOiI0In0=','2020-03-30 06:33:31.674148'),
('0l0stt3fsiwc5bfv4d1zw2n0bpqy2tlc','N2RhZDJkOGM3NTIwM2M0ZWQ5ZDljZmU4MmUxZmYzOWY2NWNmYjBiMzp7InVzZXJfbmFtZSI6Im9oMmxJNksyNVo4RE1HU3BOM2JkaWoyRkxnTEUiLCJuaWNrX25hbWUiOiJcdTg1MjFcdTUwNjVcdTgzNjMiLCJ1c2VyX2hlYWRpbWd1cmwiOiJodHRwOi8vdGhpcmR3eC5xbG9nby5jbi9tbW9wZW4vbzhRYVlSSnFOOWpoTWJYMGxpYllha2ljS3ptOHpFTDdLU1VmQ29mZWdwQWN0cW05dUVlcUc4eTdjNzdaNTNTQ1ZCR1hTaWFDOUJnd2RkSDRNSG1xT3JwWERaaWF6Szg5MVoxZi8xMzIifQ==','2019-02-26 01:22:54.712896'),
('0o37s8ajqjmxkb7tiahabids1kavek3r','NmYyOGM1MjRmODNmYzFiYjBjMmIyYzBkNzkzNTU1NDY0MjFiN2YwYTp7ImVycm9ybWVzc2FnZSI6Ilx1NzUyOFx1NjIzN1x1NTQwZFx1NTQ4Y1x1NWJjNlx1NzgwMVx1NGUwZFx1NmI2M1x1Nzg2ZSEifQ==','2019-01-27 08:23:15.837983'),
('0qizetc0h3estb5gh0nslnt5x7v8rl9p','N2FiNjEzZTQ4ZjZjYTNlMGQ3NDBiYzdkNGRmNzJiMzU5MjY3YzA1OTp7fQ==','2019-01-26 09:37:53.207172'),
('1v6cd3x9wxvyffe7snojgy8l2uzllwxk','N2RhZDJkOGM3NTIwM2M0ZWQ5ZDljZmU4MmUxZmYzOWY2NWNmYjBiMzp7InVzZXJfbmFtZSI6Im9oMmxJNksyNVo4RE1HU3BOM2JkaWoyRkxnTEUiLCJuaWNrX25hbWUiOiJcdTg1MjFcdTUwNjVcdTgzNjMiLCJ1c2VyX2hlYWRpbWd1cmwiOiJodHRwOi8vdGhpcmR3eC5xbG9nby5jbi9tbW9wZW4vbzhRYVlSSnFOOWpoTWJYMGxpYllha2ljS3ptOHpFTDdLU1VmQ29mZWdwQWN0cW05dUVlcUc4eTdjNzdaNTNTQ1ZCR1hTaWFDOUJnd2RkSDRNSG1xT3JwWERaaWF6Szg5MVoxZi8xMzIifQ==','2020-03-26 12:47:09.173622'),
('35kojdb5ot2x8jolkvbd2wl66tagqn2h','N2RhZDJkOGM3NTIwM2M0ZWQ5ZDljZmU4MmUxZmYzOWY2NWNmYjBiMzp7InVzZXJfbmFtZSI6Im9oMmxJNksyNVo4RE1HU3BOM2JkaWoyRkxnTEUiLCJuaWNrX25hbWUiOiJcdTg1MjFcdTUwNjVcdTgzNjMiLCJ1c2VyX2hlYWRpbWd1cmwiOiJodHRwOi8vdGhpcmR3eC5xbG9nby5jbi9tbW9wZW4vbzhRYVlSSnFOOWpoTWJYMGxpYllha2ljS3ptOHpFTDdLU1VmQ29mZWdwQWN0cW05dUVlcUc4eTdjNzdaNTNTQ1ZCR1hTaWFDOUJnd2RkSDRNSG1xT3JwWERaaWF6Szg5MVoxZi8xMzIifQ==','2019-11-16 02:34:20.141568'),
('38ojbizxf5itpn0efpef9u5h64pxiqno','N2RhZDJkOGM3NTIwM2M0ZWQ5ZDljZmU4MmUxZmYzOWY2NWNmYjBiMzp7InVzZXJfbmFtZSI6Im9oMmxJNksyNVo4RE1HU3BOM2JkaWoyRkxnTEUiLCJuaWNrX25hbWUiOiJcdTg1MjFcdTUwNjVcdTgzNjMiLCJ1c2VyX2hlYWRpbWd1cmwiOiJodHRwOi8vdGhpcmR3eC5xbG9nby5jbi9tbW9wZW4vbzhRYVlSSnFOOWpoTWJYMGxpYllha2ljS3ptOHpFTDdLU1VmQ29mZWdwQWN0cW05dUVlcUc4eTdjNzdaNTNTQ1ZCR1hTaWFDOUJnd2RkSDRNSG1xT3JwWERaaWF6Szg5MVoxZi8xMzIifQ==','2019-02-13 01:09:43.509646'),
('4scyq28lj174cc652o8e4qkv84hgfu3m','N2RhZDJkOGM3NTIwM2M0ZWQ5ZDljZmU4MmUxZmYzOWY2NWNmYjBiMzp7InVzZXJfbmFtZSI6Im9oMmxJNksyNVo4RE1HU3BOM2JkaWoyRkxnTEUiLCJuaWNrX25hbWUiOiJcdTg1MjFcdTUwNjVcdTgzNjMiLCJ1c2VyX2hlYWRpbWd1cmwiOiJodHRwOi8vdGhpcmR3eC5xbG9nby5jbi9tbW9wZW4vbzhRYVlSSnFOOWpoTWJYMGxpYllha2ljS3ptOHpFTDdLU1VmQ29mZWdwQWN0cW05dUVlcUc4eTdjNzdaNTNTQ1ZCR1hTaWFDOUJnd2RkSDRNSG1xT3JwWERaaWF6Szg5MVoxZi8xMzIifQ==','2019-08-19 10:39:19.021859'),
('5bp1oqm8uppunp0msrpz1ymxeh6vx0sv','MTdhYTcyYmNkNWY0NDEwMGMwZTZiYTY3NjBhOWVlOTAzNjY2YThlNzp7ImVycm9ybWVzc2FnZSI6Ilx1NzUyOFx1NjIzN1x1NjcyYVx1NjM4OFx1Njc0MyEifQ==','2019-02-07 09:37:44.976443'),
('6bju3v7jy6ac2l08l6toj3orw93s5pea','N2RhZDJkOGM3NTIwM2M0ZWQ5ZDljZmU4MmUxZmYzOWY2NWNmYjBiMzp7InVzZXJfbmFtZSI6Im9oMmxJNksyNVo4RE1HU3BOM2JkaWoyRkxnTEUiLCJuaWNrX25hbWUiOiJcdTg1MjFcdTUwNjVcdTgzNjMiLCJ1c2VyX2hlYWRpbWd1cmwiOiJodHRwOi8vdGhpcmR3eC5xbG9nby5jbi9tbW9wZW4vbzhRYVlSSnFOOWpoTWJYMGxpYllha2ljS3ptOHpFTDdLU1VmQ29mZWdwQWN0cW05dUVlcUc4eTdjNzdaNTNTQ1ZCR1hTaWFDOUJnd2RkSDRNSG1xT3JwWERaaWF6Szg5MVoxZi8xMzIifQ==','2019-08-18 15:54:36.894403'),
('6pevk4kthto695njtpgyfdn07vqsmml2','NzRjMzM0NjRkZjI2YzM1ODQ2YjZlMWYyOWEzMDk1NmY4MTRkOTJlNTp7InVzZXJfbmFtZSI6Im9oMmxJNlB4MllKMG5OVkdFNFdlZEpQU2tKYmMiLCJuaWNrX25hbWUiOiJcdTY3NjhcdTU5MjdcdTViOWQiLCJ1c2VyX2hlYWRpbWd1cmwiOiJodHRwOi8vdGhpcmR3eC5xbG9nby5jbi9tbW9wZW4vYU1sMFk0dmtUclVucjRZTUx1Wk9FSHRTRFRFb2NqNjljTndpYXkzYmZpY1kyRTdDcEN0MDlObkt5VjJDRWNyRmJqbEszYWFibkdGUWVLMDNPbmxXQUtMcmZGaWFMMkJ4MTdwLzEzMiIsInVzZXJfcm9sZSI6Ilx1NTdjZVx1NWUwMlx1OGQxZlx1OGQyM1x1NGViYSIsInVzZXJfcHJvdmluY2VzIjoiMTcifQ==','2020-03-30 07:42:42.530563'),
('74gb3hzm8f7roscbsi1ptxoqgja4ibmf','N2NkZDNmODgyOGQxNjA4NzZiZTA4NGIzOGY2ZTQyODFlYmI2Y2I5NDp7InVzZXJfbmFtZSI6Im9oMmxJNkNwWm56Y0MxVlQzc2QwRmFCaGFFNzgiLCJuaWNrX25hbWUiOiJcdTllY2VcdTVkZThcdTZkMmEiLCJ1c2VyX2hlYWRpbWd1cmwiOiJodHRwOi8vdGhpcmR3eC5xbG9nby5jbi9tbW9wZW4vbzhRYVlSSnFOOWhRbGdab0ZHaGpTSFZUOEtDU2FaQk91Z2RKaWFHRmpRT1NoMWRHNUJIelAyUDVmdXRpYmhiclFIMFc1NGVOb0pEZDVnWVFSeG9XNTZvc0E5eDEwa2JoM1kvMTMyIiwidXNlcl9yb2xlIjoiXHU1N2NlXHU1ZTAyXHU4ZDFmXHU4ZDIzXHU0ZWJhIiwidXNlcl9wcm92aW5jZXMiOiI0In0=','2020-03-30 06:35:24.537603'),
('7c3lkmqbvc288kui6kvm0d9hjj6z6581','N2RhZDJkOGM3NTIwM2M0ZWQ5ZDljZmU4MmUxZmYzOWY2NWNmYjBiMzp7InVzZXJfbmFtZSI6Im9oMmxJNksyNVo4RE1HU3BOM2JkaWoyRkxnTEUiLCJuaWNrX25hbWUiOiJcdTg1MjFcdTUwNjVcdTgzNjMiLCJ1c2VyX2hlYWRpbWd1cmwiOiJodHRwOi8vdGhpcmR3eC5xbG9nby5jbi9tbW9wZW4vbzhRYVlSSnFOOWpoTWJYMGxpYllha2ljS3ptOHpFTDdLU1VmQ29mZWdwQWN0cW05dUVlcUc4eTdjNzdaNTNTQ1ZCR1hTaWFDOUJnd2RkSDRNSG1xT3JwWERaaWF6Szg5MVoxZi8xMzIifQ==','2019-03-31 08:53:33.860558'),
('7j6fd4owhycs96tf30kspyzxpff6dyzj','ZWQyNzczNjZiMmRlODY1NzZkYTQzY2EzNTA1OGY2NzY5MGM2OTA1Njp7InVzZXJfbmFtZSI6Im9oMmxJNk95RFB5czhTNE9VZklMSEM0cWVreHciLCJuaWNrX25hbWUiOiJcdTljOWNcdTUxOWIiLCJ1c2VyX2hlYWRpbWd1cmwiOiJodHRwOi8vdGhpcmR3eC5xbG9nby5jbi9tbW9wZW4vbzhRYVlSSnFOOWh0M3VKOEFvTlF2Zmd3aDZSNFJiUGVnMDhOYWpHRXIwU09pY0s2bzJ4ckpCeE00QlY3OE9EMlhWT25hNHBod2xwb3JpYlFkTmhqUHRRcFB3VVZpYzJFMHU2LzEzMiJ9','2019-02-07 09:49:43.376329'),
('8fd1jp5qhxau76ws00wto6ezxzc8d3oz','N2RhZDJkOGM3NTIwM2M0ZWQ5ZDljZmU4MmUxZmYzOWY2NWNmYjBiMzp7InVzZXJfbmFtZSI6Im9oMmxJNksyNVo4RE1HU3BOM2JkaWoyRkxnTEUiLCJuaWNrX25hbWUiOiJcdTg1MjFcdTUwNjVcdTgzNjMiLCJ1c2VyX2hlYWRpbWd1cmwiOiJodHRwOi8vdGhpcmR3eC5xbG9nby5jbi9tbW9wZW4vbzhRYVlSSnFOOWpoTWJYMGxpYllha2ljS3ptOHpFTDdLU1VmQ29mZWdwQWN0cW05dUVlcUc4eTdjNzdaNTNTQ1ZCR1hTaWFDOUJnd2RkSDRNSG1xT3JwWERaaWF6Szg5MVoxZi8xMzIifQ==','2019-01-28 12:41:52.912270'),
('8jver0r6kan179choirkeigyoa6a3euk','N2RhZDJkOGM3NTIwM2M0ZWQ5ZDljZmU4MmUxZmYzOWY2NWNmYjBiMzp7InVzZXJfbmFtZSI6Im9oMmxJNksyNVo4RE1HU3BOM2JkaWoyRkxnTEUiLCJuaWNrX25hbWUiOiJcdTg1MjFcdTUwNjVcdTgzNjMiLCJ1c2VyX2hlYWRpbWd1cmwiOiJodHRwOi8vdGhpcmR3eC5xbG9nby5jbi9tbW9wZW4vbzhRYVlSSnFOOWpoTWJYMGxpYllha2ljS3ptOHpFTDdLU1VmQ29mZWdwQWN0cW05dUVlcUc4eTdjNzdaNTNTQ1ZCR1hTaWFDOUJnd2RkSDRNSG1xT3JwWERaaWF6Szg5MVoxZi8xMzIifQ==','2019-02-26 01:24:40.185588'),
('9bakxlqozndgkckag83nvdq0wcju7shq','MTdhYTcyYmNkNWY0NDEwMGMwZTZiYTY3NjBhOWVlOTAzNjY2YThlNzp7ImVycm9ybWVzc2FnZSI6Ilx1NzUyOFx1NjIzN1x1NjcyYVx1NjM4OFx1Njc0MyEifQ==','2019-02-07 09:39:47.420168'),
('9eb3rtfmizk22919gli1v5u7mnttcy0w','N2RhZDJkOGM3NTIwM2M0ZWQ5ZDljZmU4MmUxZmYzOWY2NWNmYjBiMzp7InVzZXJfbmFtZSI6Im9oMmxJNksyNVo4RE1HU3BOM2JkaWoyRkxnTEUiLCJuaWNrX25hbWUiOiJcdTg1MjFcdTUwNjVcdTgzNjMiLCJ1c2VyX2hlYWRpbWd1cmwiOiJodHRwOi8vdGhpcmR3eC5xbG9nby5jbi9tbW9wZW4vbzhRYVlSSnFOOWpoTWJYMGxpYllha2ljS3ptOHpFTDdLU1VmQ29mZWdwQWN0cW05dUVlcUc4eTdjNzdaNTNTQ1ZCR1hTaWFDOUJnd2RkSDRNSG1xT3JwWERaaWF6Szg5MVoxZi8xMzIifQ==','2019-02-03 12:50:23.570224'),
('9fekqvhgixp7pwgx2vru6rua8ysw1djm','N2RhZDJkOGM3NTIwM2M0ZWQ5ZDljZmU4MmUxZmYzOWY2NWNmYjBiMzp7InVzZXJfbmFtZSI6Im9oMmxJNksyNVo4RE1HU3BOM2JkaWoyRkxnTEUiLCJuaWNrX25hbWUiOiJcdTg1MjFcdTUwNjVcdTgzNjMiLCJ1c2VyX2hlYWRpbWd1cmwiOiJodHRwOi8vdGhpcmR3eC5xbG9nby5jbi9tbW9wZW4vbzhRYVlSSnFOOWpoTWJYMGxpYllha2ljS3ptOHpFTDdLU1VmQ29mZWdwQWN0cW05dUVlcUc4eTdjNzdaNTNTQ1ZCR1hTaWFDOUJnd2RkSDRNSG1xT3JwWERaaWF6Szg5MVoxZi8xMzIifQ==','2019-02-04 02:33:41.668723'),
('9gyyyuf94gk2n4skoieotzwxync7i19m','NjI1ZWRiMjgxMmY5Y2QzMWYyNDY3YTdlZTc1YTFhZTQ1MmM1NDE2Yzp7InVzZXJfbmFtZSI6Im9oMmxJNk9Pdjc4MlFrejVyalVOQmRWWkpKQU0iLCJuaWNrX25hbWUiOiJcdTkwYjFcdTU0MWJcdTRmY2EiLCJ1c2VyX2hlYWRpbWd1cmwiOiJodHRwOi8vdGhpcmR3eC5xbG9nby5jbi9tbW9wZW4vbzhRYVlSSnFOOWdLMHhGMGpWbVRraG9IQTlpYVFqdnM2RWhXSmttUnVBRWljSnJFajlQcnNUeGZCbkFiZmlhMWJGSmZGdjVDZzcyWVg2M3pVZ0k5NnBPVWR4dUl6VTBqekhMLzEzMiIsInVzZXJfcm9sZSI6Ilx1NTdjZVx1NWUwMlx1OGQxZlx1OGQyM1x1NGViYSIsInVzZXJfcHJvdmluY2VzIjoiMTMifQ==','2020-03-30 07:28:10.251672'),
('9iwpy1ewldporxbxfhguzkmou7lc4uwx','N2RhZDJkOGM3NTIwM2M0ZWQ5ZDljZmU4MmUxZmYzOWY2NWNmYjBiMzp7InVzZXJfbmFtZSI6Im9oMmxJNksyNVo4RE1HU3BOM2JkaWoyRkxnTEUiLCJuaWNrX25hbWUiOiJcdTg1MjFcdTUwNjVcdTgzNjMiLCJ1c2VyX2hlYWRpbWd1cmwiOiJodHRwOi8vdGhpcmR3eC5xbG9nby5jbi9tbW9wZW4vbzhRYVlSSnFOOWpoTWJYMGxpYllha2ljS3ptOHpFTDdLU1VmQ29mZWdwQWN0cW05dUVlcUc4eTdjNzdaNTNTQ1ZCR1hTaWFDOUJnd2RkSDRNSG1xT3JwWERaaWF6Szg5MVoxZi8xMzIifQ==','2019-08-16 03:57:13.420682'),
('9q1vygfs7rtzqee6ec0fqfl9jv4iv0y6','YzU1ZTJhYTE5M2FkOTlhNjE4MjY0ZDdmMWM5NmUyNGQ1MjI3MjlhNzp7InVzZXJfbmFtZSI6Im9oMmxJNksyNVo4RE1HU3BOM2JkaWoyRkxnTEUiLCJuaWNrX25hbWUiOiJcdTg1MjFcdTUwNjVcdTgzNjNcdTU3Y2VcdTVlMDJcdThkMWZcdThkMjNcdTRlYmEiLCJ1c2VyX2hlYWRpbWd1cmwiOiJodHRwOi8vdGhpcmR3eC5xbG9nby5jbi9tbW9wZW4vbzhRYVlSSnFOOWpoTWJYMGxpYllha2ljS3ptOHpFTDdLU1VmQ29mZWdwQWN0cW05dUVlcUc4eTBpYU4yTHY2UkIzclR0MVk2N0JCZFN5ZFRYZE1iSlBVUWNOUjNpYXFVeElxVi8xMzIiLCJ1c2VyX3JvbGUiOiJcdTU3Y2VcdTVlMDJcdThkMWZcdThkMjNcdTRlYmEiLCJ1c2VyX3Byb3ZpbmNlcyI6IjQifQ==','2020-03-30 07:33:02.858408'),
('anqsy5cbptxeoio6bzowwcjo4ttol3mm','MTdhYTcyYmNkNWY0NDEwMGMwZTZiYTY3NjBhOWVlOTAzNjY2YThlNzp7ImVycm9ybWVzc2FnZSI6Ilx1NzUyOFx1NjIzN1x1NjcyYVx1NjM4OFx1Njc0MyEifQ==','2019-02-07 09:38:01.264285'),
('atrvmfj225fs1185vfulgqxrgtf1782k','NjI1ZWRiMjgxMmY5Y2QzMWYyNDY3YTdlZTc1YTFhZTQ1MmM1NDE2Yzp7InVzZXJfbmFtZSI6Im9oMmxJNk9Pdjc4MlFrejVyalVOQmRWWkpKQU0iLCJuaWNrX25hbWUiOiJcdTkwYjFcdTU0MWJcdTRmY2EiLCJ1c2VyX2hlYWRpbWd1cmwiOiJodHRwOi8vdGhpcmR3eC5xbG9nby5jbi9tbW9wZW4vbzhRYVlSSnFOOWdLMHhGMGpWbVRraG9IQTlpYVFqdnM2RWhXSmttUnVBRWljSnJFajlQcnNUeGZCbkFiZmlhMWJGSmZGdjVDZzcyWVg2M3pVZ0k5NnBPVWR4dUl6VTBqekhMLzEzMiIsInVzZXJfcm9sZSI6Ilx1NTdjZVx1NWUwMlx1OGQxZlx1OGQyM1x1NGViYSIsInVzZXJfcHJvdmluY2VzIjoiMTMifQ==','2020-03-30 07:36:01.783642'),
('auvfjz0sd38kyab8208ajtqnl5p69u0f','NzRjMzM0NjRkZjI2YzM1ODQ2YjZlMWYyOWEzMDk1NmY4MTRkOTJlNTp7InVzZXJfbmFtZSI6Im9oMmxJNlB4MllKMG5OVkdFNFdlZEpQU2tKYmMiLCJuaWNrX25hbWUiOiJcdTY3NjhcdTU5MjdcdTViOWQiLCJ1c2VyX2hlYWRpbWd1cmwiOiJodHRwOi8vdGhpcmR3eC5xbG9nby5jbi9tbW9wZW4vYU1sMFk0dmtUclVucjRZTUx1Wk9FSHRTRFRFb2NqNjljTndpYXkzYmZpY1kyRTdDcEN0MDlObkt5VjJDRWNyRmJqbEszYWFibkdGUWVLMDNPbmxXQUtMcmZGaWFMMkJ4MTdwLzEzMiIsInVzZXJfcm9sZSI6Ilx1NTdjZVx1NWUwMlx1OGQxZlx1OGQyM1x1NGViYSIsInVzZXJfcHJvdmluY2VzIjoiMTcifQ==','2020-03-30 06:17:31.947254'),
('camp3gzup0zse925knzkzf8yz5p629ji','ZjhkOGZlYmJkYTQ2OWFlOTUzMzYzZTA4ZmQ3NmU0ZDU4NDBjODczYjp7ImVycm9ybWVzc2FnZSI6Ilx1NzUyOFx1NjIzN1x1NTQwZFx1NTQ4Y1x1NWJjNlx1NzgwMVx1NGUwZFx1NmI2M1x1Nzg2ZSEiLCJ1c2VyX25hbWUiOiJvaDJsSTZLMjVaOERNR1NwTjNiZGlqMkZMZ0xFIiwibmlja19uYW1lIjoiXHU4NTIxXHU1MDY1XHU4MzYzIiwidXNlcl9oZWFkaW1ndXJsIjoiaHR0cDovL3RoaXJkd3gucWxvZ28uY24vbW1vcGVuL284UWFZUkpxTjlqaE1iWDBsaWJZYWtpY0t6bTh6RUw3S1NVZkNvZmVncEFjdHFtOXVFZXFHOHk3Yzc3WjUzU0NWQkdYU2lhQzlCZ3dkZEg0TUhtcU9ycFhEWmlheks4OTFaMWYvMTMyIiwiX2F1dGhfdXNlcl9pZCI6IjIiLCJfYXV0aF91c2VyX2JhY2tlbmQiOiJkamFuZ28uY29udHJpYi5hdXRoLmJhY2tlbmRzLk1vZGVsQmFja2VuZCIsIl9hdXRoX3VzZXJfaGFzaCI6IjAxNzQ5OTBhYjNlZjQ2ODNiNzhmNDllMDBjNGYyZTc0NWQzNDgzNGEifQ==','2019-01-27 14:26:52.541231'),
('ce9mb3wmm10d3bp1v89v9359yknkq895','N2RhZDJkOGM3NTIwM2M0ZWQ5ZDljZmU4MmUxZmYzOWY2NWNmYjBiMzp7InVzZXJfbmFtZSI6Im9oMmxJNksyNVo4RE1HU3BOM2JkaWoyRkxnTEUiLCJuaWNrX25hbWUiOiJcdTg1MjFcdTUwNjVcdTgzNjMiLCJ1c2VyX2hlYWRpbWd1cmwiOiJodHRwOi8vdGhpcmR3eC5xbG9nby5jbi9tbW9wZW4vbzhRYVlSSnFOOWpoTWJYMGxpYllha2ljS3ptOHpFTDdLU1VmQ29mZWdwQWN0cW05dUVlcUc4eTdjNzdaNTNTQ1ZCR1hTaWFDOUJnd2RkSDRNSG1xT3JwWERaaWF6Szg5MVoxZi8xMzIifQ==','2019-02-07 03:04:55.962038'),
('co4mehkvoge9ngpel859olz1pdtctq9p','MDYzYjhkNzY0ZGI1NTYxYzI4Y2IyMDViNWI2MTcwNjI3OWEyYjMwZjp7ImVycm9ybWVzc2FnZSI6Ilx1NzUyOFx1NjIzN1x1NTQwZFx1NTQ4Y1x1NWJjNlx1NzgwMVx1NGUwZFx1NmI2M1x1Nzg2ZSEiLCJ1c2VyX25hbWUiOiJvaDJsSTZLMjVaOERNR1NwTjNiZGlqMkZMZ0xFIiwibmlja19uYW1lIjoiXHU4NTIxXHU1MDY1XHU4MzYzIiwidXNlcl9oZWFkaW1ndXJsIjoiaHR0cDovL3RoaXJkd3gucWxvZ28uY24vbW1vcGVuL284UWFZUkpxTjlqaE1iWDBsaWJZYWtpY0t6bTh6RUw3S1NVZkNvZmVncEFjdHFtOXVFZXFHOHk3Yzc3WjUzU0NWQkdYU2lhQzlCZ3dkZEg0TUhtcU9ycFhEWmlheks4OTFaMWYvMTMyIn0=','2019-03-31 12:44:59.058383'),
('d4cstt0pvg5svyyppbtnoquf5fa5ovyv','N2FiNjEzZTQ4ZjZjYTNlMGQ3NDBiYzdkNGRmNzJiMzU5MjY3YzA1OTp7fQ==','2019-01-31 14:36:00.799149'),
('dsietrzdu0ymwlhbcf1d4oivjv0sor5t','YzA4ZmM3NWQ5OWRhODNhYzYyNmNiYzRjYzZjOTMzNjNjMTEwOGRlMDp7InVzZXJfbmFtZSI6Im9oMmxJNkRIMlQxamJKR1NiajZJY1MzYm9nMkEiLCJuaWNrX25hbWUiOiJcdTUyMThcdTU5Y2JcdTk2MzMiLCJ1c2VyX2hlYWRpbWd1cmwiOiIifQ==','2019-02-05 09:45:44.238059'),
('ezchdzzy7fk9xr2jmepnftts4tejojmk','N2RhZDJkOGM3NTIwM2M0ZWQ5ZDljZmU4MmUxZmYzOWY2NWNmYjBiMzp7InVzZXJfbmFtZSI6Im9oMmxJNksyNVo4RE1HU3BOM2JkaWoyRkxnTEUiLCJuaWNrX25hbWUiOiJcdTg1MjFcdTUwNjVcdTgzNjMiLCJ1c2VyX2hlYWRpbWd1cmwiOiJodHRwOi8vdGhpcmR3eC5xbG9nby5jbi9tbW9wZW4vbzhRYVlSSnFOOWpoTWJYMGxpYllha2ljS3ptOHpFTDdLU1VmQ29mZWdwQWN0cW05dUVlcUc4eTdjNzdaNTNTQ1ZCR1hTaWFDOUJnd2RkSDRNSG1xT3JwWERaaWF6Szg5MVoxZi8xMzIifQ==','2019-01-31 14:02:17.013395'),
('fi0vat6wmta001l33w3wrasc4dhvfl93','MWEzNjE4NmM4YTA0ZmFiMjU3M2IzMDQyZmMyNzdkMGZmMDMxNTUxZDp7InVzZXJfbmFtZSI6Im9oMmxJNkt3WlJaNVk2UkRiSTFzQmt2ZnlfV00iLCJuaWNrX25hbWUiOiJcdTcxYzNcdTcwZTdcdTc2ODRcdTcwNmJcdTcxMzAiLCJ1c2VyX2hlYWRpbWd1cmwiOiJodHRwOi8vdGhpcmR3eC5xbG9nby5jbi9tbW9wZW4vYU1sMFk0dmtUclZGdmdxS0hMdWNaQ2owRW9ucTJFaWNFbVdoRFJhZ0REV0xEZmtoaWJET0E0amljYjRGbUphaGRXQUdGWTVNYTlUckJCUVgyaWFNUHM4T1lsTUN4RGdSZW9aTi8xMzIifQ==','2019-01-27 06:31:21.744013'),
('fyvc9n83vscekqoxgewc2610mjkpm59y','MDBjYmZkZTgwZmYyYWViMjJmZTU2NjZmZWNkMmE4MTcxNDAyYTBjMzp7InVzZXJfbmFtZSI6Im9oMmxJNksyNVo4RE1HU3BOM2JkaWoyRkxnTEUiLCJuaWNrX25hbWUiOiJcdTg1MjFcdTUwNjVcdTgzNjNcdTU3Y2VcdTVlMDJcdThkMWZcdThkMjNcdTRlYmEiLCJ1c2VyX2hlYWRpbWd1cmwiOiJodHRwOi8vdGhpcmR3eC5xbG9nby5jbi9tbW9wZW4vbzhRYVlSSnFOOWpoTWJYMGxpYllha2ljS3ptOHpFTDdLU1VmQ29mZWdwQWN0cW05dUVlcUc4eTBpYU4yTHY2UkIzclR0MVk2N0JCZFN5ZFRYZE1iSlBVUWNOUjNpYXFVeElxVi8xMzIiLCJ1c2VyX3JvbGUiOiJcdTU3Y2VcdTVlMDJcdThkMWZcdThkMjNcdTRlYmEiLCJ1c2VyX3Byb3ZpbmNlcyI6IjE3In0=','2020-03-29 14:42:33.844337'),
('g2erb9o6ur5fztesfe0mnxfntdg9cc6z','N2RhZDJkOGM3NTIwM2M0ZWQ5ZDljZmU4MmUxZmYzOWY2NWNmYjBiMzp7InVzZXJfbmFtZSI6Im9oMmxJNksyNVo4RE1HU3BOM2JkaWoyRkxnTEUiLCJuaWNrX25hbWUiOiJcdTg1MjFcdTUwNjVcdTgzNjMiLCJ1c2VyX2hlYWRpbWd1cmwiOiJodHRwOi8vdGhpcmR3eC5xbG9nby5jbi9tbW9wZW4vbzhRYVlSSnFOOWpoTWJYMGxpYllha2ljS3ptOHpFTDdLU1VmQ29mZWdwQWN0cW05dUVlcUc4eTdjNzdaNTNTQ1ZCR1hTaWFDOUJnd2RkSDRNSG1xT3JwWERaaWF6Szg5MVoxZi8xMzIifQ==','2019-01-29 14:30:14.594888'),
('hfxqjc5zlazznu6s1xuej77kwj8zu0i8','NTc4NzhhMDE2NDMxMzhlOTMwYWMyNzI0YTAyNjE1NWVhYjMzNGUyMjp7InVzZXJfbmFtZSI6Im9oMmxJNksyNVo4RE1HU3BOM2JkaWoyRkxnTEUiLCJuaWNrX25hbWUiOiJcdTg1MjFcdTUwNjVcdTgzNjNcdTU3Y2VcdTVlMDJcdThkMWZcdThkMjNcdTRlYmEiLCJ1c2VyX2hlYWRpbWd1cmwiOiJodHRwOi8vdGhpcmR3eC5xbG9nby5jbi9tbW9wZW4vbzhRYVlSSnFOOWpoTWJYMGxpYllha2ljS3ptOHpFTDdLU1VmQ29mZWdwQWN0cW05dUVlcUc4eTBpYU4yTHY2UkIzclR0MVk2N0JCZFN5ZFRYZE1iSlBVUWNOUjNpYXFVeElxVi8xMzIiLCJ1c2VyX3JvbGUiOiJcdTU3Y2VcdTVlMDJcdThkMWZcdThkMjNcdTRlYmEiLCJ1c2VyX3Byb3ZpbmNlcyI6IjExIn0=','2020-03-30 15:04:43.156202'),
('hncn4ssagztpr8vq2wyr92lxhkz2ee6r','N2RhZDJkOGM3NTIwM2M0ZWQ5ZDljZmU4MmUxZmYzOWY2NWNmYjBiMzp7InVzZXJfbmFtZSI6Im9oMmxJNksyNVo4RE1HU3BOM2JkaWoyRkxnTEUiLCJuaWNrX25hbWUiOiJcdTg1MjFcdTUwNjVcdTgzNjMiLCJ1c2VyX2hlYWRpbWd1cmwiOiJodHRwOi8vdGhpcmR3eC5xbG9nby5jbi9tbW9wZW4vbzhRYVlSSnFOOWpoTWJYMGxpYllha2ljS3ptOHpFTDdLU1VmQ29mZWdwQWN0cW05dUVlcUc4eTdjNzdaNTNTQ1ZCR1hTaWFDOUJnd2RkSDRNSG1xT3JwWERaaWF6Szg5MVoxZi8xMzIifQ==','2019-02-03 02:22:53.107862'),
('iac1c6qftv8ivalt7g365g9jd7xzpjs0','N2RhZDJkOGM3NTIwM2M0ZWQ5ZDljZmU4MmUxZmYzOWY2NWNmYjBiMzp7InVzZXJfbmFtZSI6Im9oMmxJNksyNVo4RE1HU3BOM2JkaWoyRkxnTEUiLCJuaWNrX25hbWUiOiJcdTg1MjFcdTUwNjVcdTgzNjMiLCJ1c2VyX2hlYWRpbWd1cmwiOiJodHRwOi8vdGhpcmR3eC5xbG9nby5jbi9tbW9wZW4vbzhRYVlSSnFOOWpoTWJYMGxpYllha2ljS3ptOHpFTDdLU1VmQ29mZWdwQWN0cW05dUVlcUc4eTdjNzdaNTNTQ1ZCR1hTaWFDOUJnd2RkSDRNSG1xT3JwWERaaWF6Szg5MVoxZi8xMzIifQ==','2019-02-05 03:11:48.180889'),
('ib00slabc3kajwb69ci31iqqlp99c4pk','NzRjMzM0NjRkZjI2YzM1ODQ2YjZlMWYyOWEzMDk1NmY4MTRkOTJlNTp7InVzZXJfbmFtZSI6Im9oMmxJNlB4MllKMG5OVkdFNFdlZEpQU2tKYmMiLCJuaWNrX25hbWUiOiJcdTY3NjhcdTU5MjdcdTViOWQiLCJ1c2VyX2hlYWRpbWd1cmwiOiJodHRwOi8vdGhpcmR3eC5xbG9nby5jbi9tbW9wZW4vYU1sMFk0dmtUclVucjRZTUx1Wk9FSHRTRFRFb2NqNjljTndpYXkzYmZpY1kyRTdDcEN0MDlObkt5VjJDRWNyRmJqbEszYWFibkdGUWVLMDNPbmxXQUtMcmZGaWFMMkJ4MTdwLzEzMiIsInVzZXJfcm9sZSI6Ilx1NTdjZVx1NWUwMlx1OGQxZlx1OGQyM1x1NGViYSIsInVzZXJfcHJvdmluY2VzIjoiMTcifQ==','2020-03-30 08:29:22.332703'),
('jfl7npal41uillhq58bww8disc62jy2o','N2RhZDJkOGM3NTIwM2M0ZWQ5ZDljZmU4MmUxZmYzOWY2NWNmYjBiMzp7InVzZXJfbmFtZSI6Im9oMmxJNksyNVo4RE1HU3BOM2JkaWoyRkxnTEUiLCJuaWNrX25hbWUiOiJcdTg1MjFcdTUwNjVcdTgzNjMiLCJ1c2VyX2hlYWRpbWd1cmwiOiJodHRwOi8vdGhpcmR3eC5xbG9nby5jbi9tbW9wZW4vbzhRYVlSSnFOOWpoTWJYMGxpYllha2ljS3ptOHpFTDdLU1VmQ29mZWdwQWN0cW05dUVlcUc4eTdjNzdaNTNTQ1ZCR1hTaWFDOUJnd2RkSDRNSG1xT3JwWERaaWF6Szg5MVoxZi8xMzIifQ==','2019-04-14 02:36:19.082976'),
('kc34r01kdto47xme8k3e7uq9vxehszu7','N2RhZDJkOGM3NTIwM2M0ZWQ5ZDljZmU4MmUxZmYzOWY2NWNmYjBiMzp7InVzZXJfbmFtZSI6Im9oMmxJNksyNVo4RE1HU3BOM2JkaWoyRkxnTEUiLCJuaWNrX25hbWUiOiJcdTg1MjFcdTUwNjVcdTgzNjMiLCJ1c2VyX2hlYWRpbWd1cmwiOiJodHRwOi8vdGhpcmR3eC5xbG9nby5jbi9tbW9wZW4vbzhRYVlSSnFOOWpoTWJYMGxpYllha2ljS3ptOHpFTDdLU1VmQ29mZWdwQWN0cW05dUVlcUc4eTdjNzdaNTNTQ1ZCR1hTaWFDOUJnd2RkSDRNSG1xT3JwWERaaWF6Szg5MVoxZi8xMzIifQ==','2019-01-29 14:29:34.071570'),
('l5ci6h8qvll98zfct9oiinsund69yfrs','YmVjZDRmZDQ2M2M5ZjY2MjJiNzBiYTg3MDVkYjg2OGQ1YTljZjFjMzp7InVzZXJfbmFtZSI6Im9oMmxJNkZfTG85aVNQLUEwSjRVVjdjMW56Y00iLCJuaWNrX25hbWUiOiJcdTg1MjFcdTUwNjVcdTgzNjMiLCJ1c2VyX2hlYWRpbWd1cmwiOiJodHRwOi8vdGhpcmR3eC5xbG9nby5jbi9tbW9wZW4vRjdOSGdLdVBoQjhBS01JUndxUHFjTlVLdDNGbE5iQ3RqamJjQjBRRDlYcm83Y01QckR3VG13N3Q5Y0dUeE5yQ05OVk9xUHdEWTdGeGd2bEV0czFXNW54SG1Dem5uUWNMLzEzMiJ9','2019-08-16 04:02:54.338182'),
('la7gg8ffnnyg0mp2txquxqw5wipu08q4','NjI1ZWRiMjgxMmY5Y2QzMWYyNDY3YTdlZTc1YTFhZTQ1MmM1NDE2Yzp7InVzZXJfbmFtZSI6Im9oMmxJNk9Pdjc4MlFrejVyalVOQmRWWkpKQU0iLCJuaWNrX25hbWUiOiJcdTkwYjFcdTU0MWJcdTRmY2EiLCJ1c2VyX2hlYWRpbWd1cmwiOiJodHRwOi8vdGhpcmR3eC5xbG9nby5jbi9tbW9wZW4vbzhRYVlSSnFOOWdLMHhGMGpWbVRraG9IQTlpYVFqdnM2RWhXSmttUnVBRWljSnJFajlQcnNUeGZCbkFiZmlhMWJGSmZGdjVDZzcyWVg2M3pVZ0k5NnBPVWR4dUl6VTBqekhMLzEzMiIsInVzZXJfcm9sZSI6Ilx1NTdjZVx1NWUwMlx1OGQxZlx1OGQyM1x1NGViYSIsInVzZXJfcHJvdmluY2VzIjoiMTMifQ==','2020-03-30 07:44:48.903791'),
('mt0y5ogeiu2xwoktd0bx8o2r47uzl1tg','NzRjMzM0NjRkZjI2YzM1ODQ2YjZlMWYyOWEzMDk1NmY4MTRkOTJlNTp7InVzZXJfbmFtZSI6Im9oMmxJNlB4MllKMG5OVkdFNFdlZEpQU2tKYmMiLCJuaWNrX25hbWUiOiJcdTY3NjhcdTU5MjdcdTViOWQiLCJ1c2VyX2hlYWRpbWd1cmwiOiJodHRwOi8vdGhpcmR3eC5xbG9nby5jbi9tbW9wZW4vYU1sMFk0dmtUclVucjRZTUx1Wk9FSHRTRFRFb2NqNjljTndpYXkzYmZpY1kyRTdDcEN0MDlObkt5VjJDRWNyRmJqbEszYWFibkdGUWVLMDNPbmxXQUtMcmZGaWFMMkJ4MTdwLzEzMiIsInVzZXJfcm9sZSI6Ilx1NTdjZVx1NWUwMlx1OGQxZlx1OGQyM1x1NGViYSIsInVzZXJfcHJvdmluY2VzIjoiMTcifQ==','2020-03-30 07:08:45.851072'),
('nrchc3el5shckw8v5k00eyqbl5t6k61t','ZGVhN2I3Njc3ZjBkMDZiMDY0NDJhMTEzNjJhMzUwYTVjOWFiYjUxMzp7ImVycm9ybWVzc2FnZSI6Ilx1NzUyOFx1NjIzN1x1NjcyYVx1NjM4OFx1Njc0MyEiLCJ1c2VyX25hbWUiOiJvaDJsSTZPeURQeXM4UzRPVWZJTEhDNHFla3h3Iiwibmlja19uYW1lIjoiXHU5YzljXHU1MTliIiwidXNlcl9oZWFkaW1ndXJsIjoiaHR0cDovL3RoaXJkd3gucWxvZ28uY24vbW1vcGVuL284UWFZUkpxTjlodDN1SjhBb05RdmZnd2g2UjRSYlBlZzA4TmFqR0VyMFNPaWNLNm8yeHJKQnhNNEJWNzhPRDJYVk9uYTRwaHdscG9yaWJRZE5oalB0UXBQd1VWaWMyRTB1Ni8xMzIifQ==','2019-02-07 09:46:58.556688'),
('o69an9nvy1e7e644y4iri278b6oex0pk','NTc4NzhhMDE2NDMxMzhlOTMwYWMyNzI0YTAyNjE1NWVhYjMzNGUyMjp7InVzZXJfbmFtZSI6Im9oMmxJNksyNVo4RE1HU3BOM2JkaWoyRkxnTEUiLCJuaWNrX25hbWUiOiJcdTg1MjFcdTUwNjVcdTgzNjNcdTU3Y2VcdTVlMDJcdThkMWZcdThkMjNcdTRlYmEiLCJ1c2VyX2hlYWRpbWd1cmwiOiJodHRwOi8vdGhpcmR3eC5xbG9nby5jbi9tbW9wZW4vbzhRYVlSSnFOOWpoTWJYMGxpYllha2ljS3ptOHpFTDdLU1VmQ29mZWdwQWN0cW05dUVlcUc4eTBpYU4yTHY2UkIzclR0MVk2N0JCZFN5ZFRYZE1iSlBVUWNOUjNpYXFVeElxVi8xMzIiLCJ1c2VyX3JvbGUiOiJcdTU3Y2VcdTVlMDJcdThkMWZcdThkMjNcdTRlYmEiLCJ1c2VyX3Byb3ZpbmNlcyI6IjExIn0=','2020-04-01 03:00:18.076182'),
('oe6rigv689t3tf3oqqw9wspk2vwhlmv5','YmNiMTk5ZTE0ZjM1MzM1NWYyMjk4ZDM4ZTNlMzM4MjFkMTFlZThlMTp7InVzZXJfbmFtZSI6Im9oMmxJNksyNVo4RE1HU3BOM2JkaWoyRkxnTEUiLCJuaWNrX25hbWUiOiJcdTg1MjFcdTUwNjVcdTgzNjNcdTU3Y2VcdTVlMDJcdThkMWZcdThkMjNcdTRlYmEiLCJ1c2VyX2hlYWRpbWd1cmwiOiJodHRwOi8vdGhpcmR3eC5xbG9nby5jbi9tbW9wZW4vbzhRYVlSSnFOOWpoTWJYMGxpYllha2ljS3ptOHpFTDdLU1VmQ29mZWdwQWN0cW05dUVlcUc4eTBpYU4yTHY2UkIzclR0MVk2N0JCZFN5ZFRYZE1iSlBVUWNOUjNpYXFVeElxVi8xMzIiLCJlcnJvcm1lc3NhZ2UiOiJcdTc1MjhcdTYyMzdcdTY3MmFcdTYzODhcdTY3NDMhIiwidXNlcl9yb2xlIjoiXHU1N2NlXHU1ZTAyXHU4ZDFmXHU4ZDIzXHU0ZWJhIiwidXNlcl9wcm92aW5jZXMiOiIxMSJ9','2020-03-30 22:45:14.682635'),
('oyejlcds0jhpicnvkm9rf9qyq0w0r7ux','Njk3ODUwNDc1MGE4MjIxYzI0ZGEwYzUwMGM3Y2MzMmE4ODc4Mzg0Yjp7InVzZXJfbmFtZSI6Im9oMmxJNksyNVo4RE1HU3BOM2JkaWoyRkxnTEUiLCJuaWNrX25hbWUiOiJcdTg1MjFcdTUwNjVcdTgzNjMiLCJ1c2VyX2hlYWRpbWd1cmwiOiJodHRwOi8vdGhpcmR3eC5xbG9nby5jbi9tbW9wZW4vbzhRYVlSSnFOOWpoTWJYMGxpYllha2ljS3ptOHpFTDdLU1VmQ29mZWdwQWN0cW05dUVlcUc4eTdjNzdaNTNTQ1ZCR1hTaWFDOUJnd2RkSDRNSG1xT3JwWERaaWF6Szg5MVoxZi8xMzIiLCJfYXV0aF91c2VyX2lkIjoiMiIsIl9hdXRoX3VzZXJfYmFja2VuZCI6ImRqYW5nby5jb250cmliLmF1dGguYmFja2VuZHMuTW9kZWxCYWNrZW5kIiwiX2F1dGhfdXNlcl9oYXNoIjoiMDE3NDk5MGFiM2VmNDY4M2I3OGY0OWUwMGM0ZjJlNzQ1ZDM0ODM0YSIsImVycm9ybWVzc2FnZSI6Ilx1NzUyOFx1NjIzN1x1NTQwZFx1NjcyYVx1NjM4OFx1Njc0MyEifQ==','2019-02-07 09:41:43.897030'),
('plg1a87o9s68otf51rjzna625pmqrao6','NjI1ZWRiMjgxMmY5Y2QzMWYyNDY3YTdlZTc1YTFhZTQ1MmM1NDE2Yzp7InVzZXJfbmFtZSI6Im9oMmxJNk9Pdjc4MlFrejVyalVOQmRWWkpKQU0iLCJuaWNrX25hbWUiOiJcdTkwYjFcdTU0MWJcdTRmY2EiLCJ1c2VyX2hlYWRpbWd1cmwiOiJodHRwOi8vdGhpcmR3eC5xbG9nby5jbi9tbW9wZW4vbzhRYVlSSnFOOWdLMHhGMGpWbVRraG9IQTlpYVFqdnM2RWhXSmttUnVBRWljSnJFajlQcnNUeGZCbkFiZmlhMWJGSmZGdjVDZzcyWVg2M3pVZ0k5NnBPVWR4dUl6VTBqekhMLzEzMiIsInVzZXJfcm9sZSI6Ilx1NTdjZVx1NWUwMlx1OGQxZlx1OGQyM1x1NGViYSIsInVzZXJfcHJvdmluY2VzIjoiMTMifQ==','2020-03-30 07:32:29.699511'),
('q5lqodwrzolp68lelcs9gdeisetup8rm','NzRjMzM0NjRkZjI2YzM1ODQ2YjZlMWYyOWEzMDk1NmY4MTRkOTJlNTp7InVzZXJfbmFtZSI6Im9oMmxJNlB4MllKMG5OVkdFNFdlZEpQU2tKYmMiLCJuaWNrX25hbWUiOiJcdTY3NjhcdTU5MjdcdTViOWQiLCJ1c2VyX2hlYWRpbWd1cmwiOiJodHRwOi8vdGhpcmR3eC5xbG9nby5jbi9tbW9wZW4vYU1sMFk0dmtUclVucjRZTUx1Wk9FSHRTRFRFb2NqNjljTndpYXkzYmZpY1kyRTdDcEN0MDlObkt5VjJDRWNyRmJqbEszYWFibkdGUWVLMDNPbmxXQUtMcmZGaWFMMkJ4MTdwLzEzMiIsInVzZXJfcm9sZSI6Ilx1NTdjZVx1NWUwMlx1OGQxZlx1OGQyM1x1NGViYSIsInVzZXJfcHJvdmluY2VzIjoiMTcifQ==','2020-03-30 06:12:48.057017'),
('qbaru7s3t77weqk4xjpm1atqmcq6onoa','YmZlNDIxYWE1NmJjNGQyZTcxYzdiNWQyZWNkMGUyMTZjOTk0YzBiYzp7ImVycm9ybWVzc2FnZSI6Ilx1NzUyOFx1NjIzN1x1NTQwZFx1NjcyYVx1NjM4OFx1Njc0MyEiLCJ1c2VyX25hbWUiOiJvaDJsSTZDcFpuemNDMVZUM3NkMEZhQmhhRTc4Iiwibmlja19uYW1lIjoiXHU5ZWNlXHU1ZGU4XHU2ZDJhIiwidXNlcl9oZWFkaW1ndXJsIjoiaHR0cDovL3RoaXJkd3gucWxvZ28uY24vbW1vcGVuL284UWFZUkpxTjloUWxnWm9GR2hqU0hWVDhLQ1NhWkJPdWdkSmlhR0ZqUU9TaDFkRzVCSHpQMlA1ZnV0aWJoYnJRSDBXNTRlTm9KRGQ1Z1lRUnhvVzU2b3NBOXgxMGtiaDNZLzEzMiIsInVzZXJfcm9sZSI6Ilx1NTdjZVx1NWUwMlx1OGQxZlx1OGQyM1x1NGViYSIsInVzZXJfcHJvdmluY2VzIjoiNCJ9','2020-03-30 06:32:34.551880'),
('qesx87aj48cfyk8e71f475mjcf7ta4w8','ODBjY2UyYTA0MTVhMjc0NTVlMTg0NDg2Y2U4OWQ5OThiNjMxMzAxZTp7InVzZXJfbmFtZSI6Im9oMmxJNkFCcHQ5eEZRS0Q4d2dpaFpRdkk2RFEiLCJuaWNrX25hbWUiOiJcdTVmMjBcdTU2ZmRcdTc5NjUiLCJ1c2VyX2hlYWRpbWd1cmwiOiJodHRwOi8vdGhpcmR3eC5xbG9nby5jbi9tbW9wZW4vRjdOSGdLdVBoQjllZlZYaWNWWFlTQ3lIdGxNeU16MUM5dXNhMEVQYWExZUdrbktTUzROSFk4TGpNRHVOTndYUjJyQXc1RFJVRUlaQkhGUDBNTTRMam9OanRUN2liWDBCS0EvMTMyIiwidXNlcl9yb2xlIjoiXHU1N2NlXHU1ZTAyXHU4ZDFmXHU4ZDIzXHU0ZWJhIiwidXNlcl9wcm92aW5jZXMiOiI0In0=','2020-04-01 03:24:08.291986'),
('ras6kd8w5u7m0lfoznz3enu9kmoc582v','M2ZiMTA1YTM1OTBjZTU5MzNhMzY4ZDg5YWYwMTFlOWRjMWYyNzkxZTp7ImVycm9ybWVzc2FnZSI6Ilx1NzUyOFx1NjIzN1x1NTQwZFx1NjcyYVx1NjM4OFx1Njc0MyEiLCJ1c2VyX25hbWUiOiJvaDJsSTZLMjVaOERNR1NwTjNiZGlqMkZMZ0xFIiwibmlja19uYW1lIjoiXHU4NTIxXHU1MDY1XHU4MzYzIiwidXNlcl9oZWFkaW1ndXJsIjoiaHR0cDovL3RoaXJkd3gucWxvZ28uY24vbW1vcGVuL284UWFZUkpxTjlqaE1iWDBsaWJZYWtpY0t6bTh6RUw3S1NVZkNvZmVncEFjdHFtOXVFZXFHOHk3Yzc3WjUzU0NWQkdYU2lhQzlCZ3dkZEg0TUhtcU9ycFhEWmlheks4OTFaMWYvMTMyIn0=','2019-01-27 11:33:22.601896'),
('sr3nhrrlicqsptrl97eej4ndh474wwzn','N2RhZDJkOGM3NTIwM2M0ZWQ5ZDljZmU4MmUxZmYzOWY2NWNmYjBiMzp7InVzZXJfbmFtZSI6Im9oMmxJNksyNVo4RE1HU3BOM2JkaWoyRkxnTEUiLCJuaWNrX25hbWUiOiJcdTg1MjFcdTUwNjVcdTgzNjMiLCJ1c2VyX2hlYWRpbWd1cmwiOiJodHRwOi8vdGhpcmR3eC5xbG9nby5jbi9tbW9wZW4vbzhRYVlSSnFOOWpoTWJYMGxpYllha2ljS3ptOHpFTDdLU1VmQ29mZWdwQWN0cW05dUVlcUc4eTdjNzdaNTNTQ1ZCR1hTaWFDOUJnd2RkSDRNSG1xT3JwWERaaWF6Szg5MVoxZi8xMzIifQ==','2019-01-27 11:37:42.695773'),
('tiraih5nnhx0ys30sxzv801ibxy03dkd','MTdhYTcyYmNkNWY0NDEwMGMwZTZiYTY3NjBhOWVlOTAzNjY2YThlNzp7ImVycm9ybWVzc2FnZSI6Ilx1NzUyOFx1NjIzN1x1NjcyYVx1NjM4OFx1Njc0MyEifQ==','2019-02-07 09:37:44.882843'),
('v6l7p7r86w1om4eoytzic8mgi9zv1ec8','N2RhZDJkOGM3NTIwM2M0ZWQ5ZDljZmU4MmUxZmYzOWY2NWNmYjBiMzp7InVzZXJfbmFtZSI6Im9oMmxJNksyNVo4RE1HU3BOM2JkaWoyRkxnTEUiLCJuaWNrX25hbWUiOiJcdTg1MjFcdTUwNjVcdTgzNjMiLCJ1c2VyX2hlYWRpbWd1cmwiOiJodHRwOi8vdGhpcmR3eC5xbG9nby5jbi9tbW9wZW4vbzhRYVlSSnFOOWpoTWJYMGxpYllha2ljS3ptOHpFTDdLU1VmQ29mZWdwQWN0cW05dUVlcUc4eTdjNzdaNTNTQ1ZCR1hTaWFDOUJnd2RkSDRNSG1xT3JwWERaaWF6Szg5MVoxZi8xMzIifQ==','2019-09-08 00:26:14.921323'),
('vxmrf1brbatvvpi4r30e3jstek5tzvsh','N2FiNjEzZTQ4ZjZjYTNlMGQ3NDBiYzdkNGRmNzJiMzU5MjY3YzA1OTp7fQ==','2019-02-12 10:06:57.240925'),
('wknvwntp5hwysvwmzyqsqlf12igv7due','N2RhZDJkOGM3NTIwM2M0ZWQ5ZDljZmU4MmUxZmYzOWY2NWNmYjBiMzp7InVzZXJfbmFtZSI6Im9oMmxJNksyNVo4RE1HU3BOM2JkaWoyRkxnTEUiLCJuaWNrX25hbWUiOiJcdTg1MjFcdTUwNjVcdTgzNjMiLCJ1c2VyX2hlYWRpbWd1cmwiOiJodHRwOi8vdGhpcmR3eC5xbG9nby5jbi9tbW9wZW4vbzhRYVlSSnFOOWpoTWJYMGxpYllha2ljS3ptOHpFTDdLU1VmQ29mZWdwQWN0cW05dUVlcUc4eTdjNzdaNTNTQ1ZCR1hTaWFDOUJnd2RkSDRNSG1xT3JwWERaaWF6Szg5MVoxZi8xMzIifQ==','2019-08-16 02:49:43.457038'),
('xsl7tr1ikf80tejs390q85h7n03cf0gk','NmYyOGM1MjRmODNmYzFiYjBjMmIyYzBkNzkzNTU1NDY0MjFiN2YwYTp7ImVycm9ybWVzc2FnZSI6Ilx1NzUyOFx1NjIzN1x1NTQwZFx1NTQ4Y1x1NWJjNlx1NzgwMVx1NGUwZFx1NmI2M1x1Nzg2ZSEifQ==','2020-03-30 06:53:59.785392'),
('xuugih0cfointopopryl722oriy5av1i','N2RhZDJkOGM3NTIwM2M0ZWQ5ZDljZmU4MmUxZmYzOWY2NWNmYjBiMzp7InVzZXJfbmFtZSI6Im9oMmxJNksyNVo4RE1HU3BOM2JkaWoyRkxnTEUiLCJuaWNrX25hbWUiOiJcdTg1MjFcdTUwNjVcdTgzNjMiLCJ1c2VyX2hlYWRpbWd1cmwiOiJodHRwOi8vdGhpcmR3eC5xbG9nby5jbi9tbW9wZW4vbzhRYVlSSnFOOWpoTWJYMGxpYllha2ljS3ptOHpFTDdLU1VmQ29mZWdwQWN0cW05dUVlcUc4eTdjNzdaNTNTQ1ZCR1hTaWFDOUJnd2RkSDRNSG1xT3JwWERaaWF6Szg5MVoxZi8xMzIifQ==','2019-02-07 08:27:13.609090'),
('yqay01pdxauwc8kx8w8ocfsg652jtyzz','N2FiNjEzZTQ4ZjZjYTNlMGQ3NDBiYzdkNGRmNzJiMzU5MjY3YzA1OTp7fQ==','2020-03-30 07:37:48.304734'),
('yyg93sge1sn4555nogx86t5d6kvwbtsf','Mzg0MjAwZGM1OTA3YjE3ODViN2M5N2JjN2U3NjEwM2M1ZjkxNDFmNDp7ImVycm9ybWVzc2FnZSI6Ilx1NzUyOFx1NjIzN1x1NjcyYVx1NjM4OFx1Njc0MyEiLCJ1c2VyX25hbWUiOiJvaDJsSTZQeDJZSjBuTlZHRTRXZWRKUFNrSmJjIiwibmlja19uYW1lIjoiXHU2NzY4XHU1OTI3XHU1YjlkIiwidXNlcl9oZWFkaW1ndXJsIjoiaHR0cDovL3RoaXJkd3gucWxvZ28uY24vbW1vcGVuL2FNbDBZNHZrVHJVbnI0WU1MdVpPRUh0U0RURW9jajY5Y053aWF5M2JmaWNZMkU3Q3BDdDA5Tm5LeVYyQ0VjckZiamxLM2FhYm5HRlFlSzAzT25sV0FLTHJmRmlhTDJCeDE3cC8xMzIiLCJ1c2VyX3JvbGUiOiJcdTU3Y2VcdTVlMDJcdThkMWZcdThkMjNcdTRlYmEiLCJ1c2VyX3Byb3ZpbmNlcyI6IjE3In0=','2020-03-30 07:06:13.229342'),
('z6igq7ucu4cvws57k1d5p8ukq3w33xgp','NGVlYjA0ZWU4YzUwNDI5NDg0NzkzYzMzYWY2N2IxMDI2MzhhMmYzNjp7ImVycm9ybWVzc2FnZSI6Ilx1NzUyOFx1NjIzN1x1NjcyYVx1NjM4OFx1Njc0MyEiLCJ1c2VyX25hbWUiOiJvaDJsSTZPS1pPelJJSTN5bFM2S2d1dFQ5ZlN3Iiwibmlja19uYW1lIjoiXHU2YjYzXHU4MTA5XHU2NTU5XHU4MGIyXHU1NTJlXHU1NDBlXHU2NzBkXHU1MmExXHVmZjA4MTMzMTg4MjUwNTFcdWZmMDkiLCJ1c2VyX2hlYWRpbWd1cmwiOiJodHRwOi8vdGhpcmR3eC5xbG9nby5jbi9tbW9wZW4vRjdOSGdLdVBoQjllZlZYaWNWWFlTQ3lIdGxNeU16MUM5dXNhMEVQYWExZUdrbktTUzROSFk4TGpNRHVOTndYUjJyQXc1RFJVRUlaQkhGUDBNTTRMam9OanRUN2liWDBCS0EvMTMyIn0=','2019-08-16 05:09:55.125158'),
('zp4k49il22nlvi96tcxqblr580lz9oqx','M2ZiMTA1YTM1OTBjZTU5MzNhMzY4ZDg5YWYwMTFlOWRjMWYyNzkxZTp7ImVycm9ybWVzc2FnZSI6Ilx1NzUyOFx1NjIzN1x1NTQwZFx1NjcyYVx1NjM4OFx1Njc0MyEiLCJ1c2VyX25hbWUiOiJvaDJsSTZLMjVaOERNR1NwTjNiZGlqMkZMZ0xFIiwibmlja19uYW1lIjoiXHU4NTIxXHU1MDY1XHU4MzYzIiwidXNlcl9oZWFkaW1ndXJsIjoiaHR0cDovL3RoaXJkd3gucWxvZ28uY24vbW1vcGVuL284UWFZUkpxTjlqaE1iWDBsaWJZYWtpY0t6bTh6RUw3S1NVZkNvZmVncEFjdHFtOXVFZXFHOHk3Yzc3WjUzU0NWQkdYU2lhQzlCZ3dkZEg0TUhtcU9ycFhEWmlheks4OTFaMWYvMTMyIn0=','2019-02-03 13:55:18.847197'),
('zveis4onu0kxv5pm7g0zheiyooibgxpc','NjI1ZWRiMjgxMmY5Y2QzMWYyNDY3YTdlZTc1YTFhZTQ1MmM1NDE2Yzp7InVzZXJfbmFtZSI6Im9oMmxJNk9Pdjc4MlFrejVyalVOQmRWWkpKQU0iLCJuaWNrX25hbWUiOiJcdTkwYjFcdTU0MWJcdTRmY2EiLCJ1c2VyX2hlYWRpbWd1cmwiOiJodHRwOi8vdGhpcmR3eC5xbG9nby5jbi9tbW9wZW4vbzhRYVlSSnFOOWdLMHhGMGpWbVRraG9IQTlpYVFqdnM2RWhXSmttUnVBRWljSnJFajlQcnNUeGZCbkFiZmlhMWJGSmZGdjVDZzcyWVg2M3pVZ0k5NnBPVWR4dUl6VTBqekhMLzEzMiIsInVzZXJfcm9sZSI6Ilx1NTdjZVx1NWUwMlx1OGQxZlx1OGQyM1x1NGViYSIsInVzZXJfcHJvdmluY2VzIjoiMTMifQ==','2020-03-30 07:24:59.167742'),
('zvvel6owxm8cg0lah9bfki8hkrceo7h6','YzU1ZTJhYTE5M2FkOTlhNjE4MjY0ZDdmMWM5NmUyNGQ1MjI3MjlhNzp7InVzZXJfbmFtZSI6Im9oMmxJNksyNVo4RE1HU3BOM2JkaWoyRkxnTEUiLCJuaWNrX25hbWUiOiJcdTg1MjFcdTUwNjVcdTgzNjNcdTU3Y2VcdTVlMDJcdThkMWZcdThkMjNcdTRlYmEiLCJ1c2VyX2hlYWRpbWd1cmwiOiJodHRwOi8vdGhpcmR3eC5xbG9nby5jbi9tbW9wZW4vbzhRYVlSSnFOOWpoTWJYMGxpYllha2ljS3ptOHpFTDdLU1VmQ29mZWdwQWN0cW05dUVlcUc4eTBpYU4yTHY2UkIzclR0MVk2N0JCZFN5ZFRYZE1iSlBVUWNOUjNpYXFVeElxVi8xMzIiLCJ1c2VyX3JvbGUiOiJcdTU3Y2VcdTVlMDJcdThkMWZcdThkMjNcdTRlYmEiLCJ1c2VyX3Byb3ZpbmNlcyI6IjQifQ==','2020-03-30 07:16:20.213060');

/*!40101 SET SQL_MODE=@OLD_SQL_MODE */;
/*!40014 SET FOREIGN_KEY_CHECKS=@OLD_FOREIGN_KEY_CHECKS */;
/*!40014 SET UNIQUE_CHECKS=@OLD_UNIQUE_CHECKS */;
/*!40111 SET SQL_NOTES=@OLD_SQL_NOTES */;
